dropoff_taxizone_id,0,1,2,3,4,5,6,7,8,9,10,11,12,13,14,15,16,17,18,19,20,21,22,23,total
1.0,1489.0,800.0,1169.0,4366.0,14848.0,23538.0,33233.0,35211.0,28556.0,27498.0,27216.0,27725.0,36394.0,44634.0,53155.0,56994.0,51627.0,37043.0,32011.0,26558.0,14248.0,6318.0,3072.0,1926.0,589629.0
2.0,3.0,5.0,4.0,1.0,2.0,1.0,8.0,15.0,8.0,15.0,16.0,9.0,9.0,21.0,12.0,12.0,11.0,11.0,11.0,15.0,6.0,14.0,6.0,11.0,226.0
3.0,1542.0,975.0,643.0,436.0,456.0,290.0,280.0,408.0,579.0,754.0,832.0,802.0,657.0,754.0,791.0,859.0,999.0,936.0,1036.0,1118.0,1178.0,1318.0,1410.0,1547.0,20600.0
4.0,83891.0,65865.0,49742.0,36551.0,25744.0,11443.0,10884.0,20140.0,27277.0,25635.0,30926.0,36702.0,43026.0,46484.0,52893.0,59346.0,62056.0,77332.0,100713.0,111027.0,112179.0,110094.0,108702.0,101796.0,1410448.0
5.0,165.0,121.0,80.0,68.0,54.0,32.0,20.0,22.0,33.0,29.0,36.0,49.0,63.0,71.0,75.0,49.0,69.0,83.0,83.0,91.0,156.0,222.0,239.0,220.0,2130.0
6.0,477.0,275.0,220.0,160.0,159.0,298.0,96.0,92.0,93.0,104.0,158.0,143.0,150.0,153.0,225.0,238.0,215.0,182.0,250.0,332.0,395.0,494.0,557.0,573.0,6039.0
7.0,125552.0,104387.0,76142.0,56784.0,54775.0,27698.0,20176.0,23007.0,23221.0,23401.0,26255.0,27381.0,27750.0,30517.0,34664.0,37149.0,37372.0,41366.0,51176.0,59853.0,70561.0,84786.0,103456.0,118050.0,1285479.0
8.0,393.0,363.0,272.0,178.0,212.0,131.0,103.0,130.0,150.0,208.0,207.0,158.0,202.0,205.0,200.0,248.0,244.0,244.0,254.0,311.0,325.0,318.0,397.0,415.0,5868.0
9.0,1342.0,919.0,624.0,406.0,741.0,312.0,342.0,407.0,799.0,657.0,658.0,553.0,789.0,964.0,931.0,1025.0,1002.0,1092.0,1103.0,1292.0,1447.0,1651.0,1588.0,1510.0,22154.0
10.0,9199.0,5090.0,2352.0,1243.0,1167.0,1632.0,2728.0,3459.0,3355.0,3489.0,4023.0,3675.0,4417.0,5317.0,6364.0,7648.0,7922.0,8729.0,10140.0,11268.0,12548.0,12186.0,11473.0,11507.0,150931.0
11.0,1660.0,1250.0,960.0,783.0,736.0,641.0,370.0,485.0,500.0,550.0,583.0,500.0,625.0,758.0,795.0,762.0,809.0,852.0,893.0,1266.0,1537.0,1774.0,1784.0,1746.0,22619.0
12.0,3549.0,2448.0,1947.0,1399.0,1185.0,1348.0,2302.0,8278.0,19766.0,25524.0,25189.0,22013.0,18444.0,14365.0,12558.0,9767.0,6929.0,5615.0,5789.0,4552.0,3957.0,3790.0,4049.0,3905.0,208668.0
13.0,73897.0,46409.0,30541.0,20748.0,14513.0,13645.0,54573.0,137255.0,193730.0,209702.0,184391.0,171370.0,168384.0,159018.0,163693.0,147232.0,125996.0,126209.0,145832.0,144415.0,140618.0,143356.0,137631.0,108096.0,2861254.0
14.0,20584.0,15010.0,10024.0,7899.0,6727.0,3248.0,2987.0,3521.0,3340.0,3352.0,3804.0,4169.0,4660.0,5692.0,5952.0,6687.0,7156.0,7674.0,10101.0,13137.0,16271.0,20447.0,23020.0,23713.0,229175.0
15.0,1604.0,928.0,589.0,356.0,396.0,350.0,506.0,532.0,671.0,694.0,765.0,861.0,1037.0,1250.0,1324.0,1618.0,1663.0,1695.0,1736.0,2058.0,1777.0,1976.0,2153.0,1963.0,28502.0
16.0,2995.0,2121.0,1515.0,958.0,943.0,721.0,681.0,803.0,1063.0,1294.0,1249.0,1289.0,1441.0,1862.0,1785.0,2002.0,2178.0,2120.0,2288.0,2585.0,2765.0,3271.0,3820.0,3532.0,45281.0
17.0,44791.0,35471.0,26351.0,20929.0,19468.0,8568.0,5502.0,5012.0,5722.0,6502.0,6565.0,7108.0,7693.0,8961.0,10226.0,11166.0,11342.0,12508.0,15899.0,18843.0,21888.0,28443.0,37050.0,44115.0,420123.0
18.0,3959.0,3472.0,2728.0,2362.0,2372.0,1299.0,822.0,836.0,1162.0,1335.0,1243.0,1217.0,1213.0,1287.0,1313.0,1367.0,1404.0,1560.0,1945.0,2077.0,2209.0,2690.0,2808.0,3303.0,45983.0
19.0,1142.0,826.0,484.0,343.0,292.0,417.0,497.0,590.0,779.0,800.0,723.0,701.0,662.0,857.0,927.0,1072.0,1011.0,1056.0,1120.0,1230.0,1194.0,1356.0,1429.0,1433.0,20941.0
20.0,1638.0,1477.0,1311.0,1114.0,1128.0,598.0,508.0,886.0,1047.0,1392.0,1319.0,1276.0,1271.0,1290.0,1140.0,1003.0,1004.0,1129.0,1470.0,1279.0,1217.0,1297.0,1317.0,1576.0,28687.0
21.0,3134.0,2436.0,1785.0,1449.0,1354.0,813.0,758.0,824.0,891.0,832.0,864.0,843.0,986.0,1211.0,1396.0,1413.0,1526.0,1569.0,1798.0,2031.0,2141.0,2462.0,2818.0,3154.0,38488.0
22.0,4785.0,3826.0,2864.0,2234.0,2061.0,1108.0,986.0,990.0,1106.0,1068.0,1209.0,1299.0,1523.0,1930.0,1966.0,1986.0,2329.0,2124.0,2520.0,2807.0,2912.0,3609.0,4429.0,5038.0,56709.0
23.0,415.0,333.0,238.0,190.0,152.0,104.0,254.0,136.0,137.0,288.0,294.0,300.0,391.0,345.0,255.0,253.0,276.0,271.0,349.0,390.0,510.0,609.0,700.0,556.0,7746.0
24.0,41565.0,27790.0,18710.0,13517.0,9821.0,6197.0,8472.0,22747.0,37191.0,27347.0,31594.0,35273.0,41057.0,42780.0,48867.0,55717.0,55246.0,64848.0,73374.0,73451.0,67411.0,65863.0,65639.0,56402.0,990879.0
25.0,42066.0,27217.0,16888.0,10860.0,7865.0,4264.0,5886.0,10729.0,15005.0,14676.0,14103.0,14987.0,16307.0,17435.0,19044.0,20219.0,20738.0,23470.0,30521.0,34567.0,39109.0,47658.0,54460.0,51809.0,559883.0
26.0,3425.0,2634.0,1992.0,1394.0,1499.0,1325.0,2460.0,2630.0,2461.0,2524.0,2479.0,2982.0,2978.0,3346.0,3630.0,3521.0,3667.0,3737.0,3734.0,3779.0,3194.0,3383.0,3570.0,3585.0,69929.0
27.0,198.0,166.0,82.0,56.0,30.0,34.0,40.0,50.0,70.0,71.0,78.0,101.0,111.0,152.0,187.0,189.0,166.0,159.0,186.0,196.0,229.0,251.0,240.0,213.0,3255.0
28.0,5519.0,3934.0,2489.0,1839.0,2029.0,1861.0,2086.0,2339.0,2709.0,2947.0,3462.0,2913.0,2869.0,3275.0,3397.0,3681.0,3572.0,3720.0,4467.0,4744.0,5214.0,6079.0,6644.0,6479.0,88268.0
29.0,1809.0,1372.0,1086.0,780.0,703.0,549.0,770.0,769.0,866.0,922.0,943.0,1009.0,1120.0,1492.0,1529.0,1492.0,1461.0,1369.0,1942.0,1930.0,1635.0,1744.0,1885.0,1945.0,31122.0
30.0,123.0,72.0,51.0,35.0,29.0,22.0,19.0,26.0,17.0,28.0,32.0,31.0,18.0,28.0,46.0,60.0,43.0,29.0,58.0,67.0,60.0,71.0,98.0,126.0,1189.0
31.0,486.0,418.0,275.0,239.0,243.0,170.0,128.0,245.0,408.0,979.0,1928.0,1838.0,1410.0,1259.0,948.0,643.0,423.0,373.0,544.0,544.0,448.0,472.0,401.0,491.0,15313.0
32.0,1861.0,1488.0,1052.0,866.0,891.0,603.0,414.0,574.0,563.0,761.0,661.0,666.0,715.0,822.0,861.0,1075.0,1218.0,1154.0,1421.0,1537.0,1581.0,1740.0,1603.0,1926.0,26053.0
33.0,52201.0,30914.0,17285.0,10316.0,6786.0,3922.0,10107.0,18983.0,31648.0,24519.0,22366.0,24168.0,26612.0,28651.0,32704.0,33147.0,32175.0,37348.0,51800.0,60447.0,67705.0,82714.0,87269.0,73947.0,867734.0
34.0,1229.0,797.0,550.0,411.0,486.0,1431.0,2224.0,2156.0,2875.0,2839.0,2120.0,1809.0,1776.0,1748.0,1828.0,1621.0,1406.0,1315.0,1684.0,1626.0,1222.0,1214.0,1235.0,1329.0,36931.0
35.0,3561.0,2921.0,1902.0,1491.0,1516.0,1019.0,992.0,1006.0,1548.0,1892.0,1980.0,1846.0,1915.0,2100.0,2092.0,2265.0,2082.0,2222.0,2841.0,2798.0,2440.0,2776.0,2876.0,3154.0,51235.0
36.0,28034.0,25768.0,22186.0,18256.0,18131.0,8141.0,4074.0,3162.0,3149.0,3164.0,3609.0,3707.0,3768.0,4211.0,4790.0,4988.0,5132.0,5763.0,7788.0,9696.0,10648.0,13179.0,16830.0,22689.0,250863.0
37.0,41686.0,38097.0,32558.0,28012.0,27678.0,13451.0,6907.0,5079.0,5087.0,5258.0,5671.0,6190.0,6549.0,7377.0,7918.0,8482.0,8754.0,9675.0,12794.0,15338.0,17724.0,22105.0,28855.0,36153.0,397398.0
38.0,1088.0,796.0,388.0,182.0,174.0,413.0,992.0,1048.0,1160.0,1202.0,1297.0,1081.0,1079.0,1326.0,1417.0,1440.0,1410.0,1348.0,1524.0,1602.0,1295.0,1259.0,1295.0,1186.0,26002.0
39.0,4909.0,3527.0,1935.0,1261.0,1370.0,1359.0,1605.0,1793.0,2055.0,2396.0,2739.0,2541.0,2528.0,2954.0,3214.0,3505.0,3519.0,3463.0,4350.0,4168.0,3579.0,3597.0,4022.0,4798.0,71187.0
40.0,26815.0,16654.0,9494.0,5816.0,3713.0,1684.0,2373.0,3436.0,6022.0,4621.0,5131.0,6325.0,7387.0,8556.0,9807.0,10951.0,11650.0,14481.0,21276.0,25850.0,27878.0,32903.0,37380.0,35300.0,335503.0
41.0,96361.0,67122.0,45814.0,32254.0,26944.0,17111.0,24388.0,48648.0,61765.0,62367.0,66441.0,69068.0,75790.0,78347.0,82040.0,93550.0,98998.0,115138.0,132646.0,130907.0,125850.0,125966.0,127756.0,117878.0,1923149.0
42.0,85167.0,63850.0,45447.0,34191.0,30307.0,16263.0,17838.0,37639.0,41005.0,39083.0,38425.0,38419.0,42252.0,44832.0,47258.0,53232.0,56468.0,63229.0,76464.0,78142.0,82063.0,88087.0,94501.0,97577.0,1311739.0
43.0,52689.0,29066.0,17136.0,11343.0,9825.0,16470.0,46317.0,120374.0,166971.0,194477.0,274521.0,282147.0,284228.0,264937.0,273819.0,266758.0,223600.0,210325.0,234616.0,194288.0,146555.0,142363.0,132614.0,93382.0,3688821.0
44.0,106.0,80.0,62.0,64.0,44.0,29.0,27.0,28.0,50.0,88.0,100.0,159.0,168.0,70.0,51.0,45.0,32.0,52.0,72.0,117.0,97.0,95.0,122.0,103.0,1861.0
45.0,33061.0,25099.0,19453.0,15625.0,13503.0,5615.0,9351.0,16198.0,37184.0,50055.0,42790.0,43972.0,46934.0,47574.0,43662.0,36539.0,32241.0,35766.0,48267.0,54526.0,51005.0,44455.0,41609.0,39598.0,834082.0
46.0,309.0,204.0,123.0,96.0,60.0,44.0,58.0,70.0,74.0,108.0,132.0,186.0,171.0,165.0,229.0,225.0,239.0,246.0,287.0,303.0,318.0,397.0,418.0,350.0,4812.0
47.0,1944.0,1571.0,1143.0,931.0,842.0,750.0,817.0,1283.0,1341.0,1426.0,999.0,985.0,1023.0,1119.0,1168.0,1126.0,1080.0,1116.0,1594.0,1616.0,1576.0,1633.0,1656.0,1837.0,30576.0
48.0,368144.0,255926.0,188443.0,136921.0,97160.0,60983.0,124800.0,181834.0,220964.0,260273.0,277895.0,315526.0,367712.0,399392.0,395274.0,399124.0,407472.0,480732.0,584258.0,616700.0,548695.0,534528.0,529947.0,475980.0,8228683.0
49.0,49102.0,33375.0,21563.0,14829.0,11652.0,4912.0,5296.0,5687.0,7537.0,7967.0,8090.0,9004.0,9738.0,11839.0,13003.0,14300.0,14918.0,18471.0,25241.0,31763.0,37274.0,46337.0,56412.0,58510.0,516820.0
50.0,131347.0,91198.0,69561.0,53507.0,41523.0,31255.0,83298.0,100173.0,135720.0,175443.0,177706.0,180678.0,175221.0,174887.0,176406.0,172090.0,162768.0,172815.0,213716.0,214087.0,206156.0,202867.0,197197.0,173336.0,3512955.0
51.0,1787.0,1275.0,1028.0,773.0,745.0,539.0,471.0,617.0,905.0,1182.0,1296.0,1330.0,1626.0,1688.0,1805.0,1994.0,2195.0,2780.0,3010.0,2448.0,2028.0,2102.0,2219.0,2035.0,37878.0
52.0,17190.0,10100.0,5484.0,3310.0,2118.0,1007.0,2114.0,3450.0,4381.0,3853.0,4150.0,5003.0,5790.0,6636.0,7551.0,8748.0,8825.0,10991.0,17054.0,19901.0,21583.0,25917.0,27796.0,23901.0,246853.0
53.0,1787.0,1274.0,770.0,557.0,694.0,570.0,693.0,943.0,997.0,1158.0,1208.0,1140.0,1088.0,1198.0,1568.0,1491.0,1461.0,1526.0,1712.0,1763.0,1763.0,1885.0,2008.0,2047.0,31301.0
54.0,6406.0,3938.0,2342.0,1446.0,1166.0,642.0,673.0,925.0,1302.0,1173.0,1196.0,1565.0,1809.0,2064.0,2374.0,2597.0,2759.0,3364.0,5273.0,7188.0,7241.0,8493.0,9103.0,8333.0,83372.0
55.0,1873.0,1348.0,894.0,706.0,698.0,590.0,637.0,664.0,815.0,1039.0,1339.0,1524.0,1735.0,2007.0,2007.0,2218.0,1997.0,1804.0,2145.0,2122.0,1853.0,1967.0,2099.0,2014.0,36095.0
56.0,6715.0,6224.0,4908.0,4159.0,4957.0,2821.0,2352.0,2578.0,2572.0,2700.0,2840.0,2713.0,2609.0,2827.0,3066.0,3186.0,3011.0,3093.0,3611.0,3667.0,4231.0,4823.0,5287.0,5757.0,90707.0
57.0,1097.0,861.0,654.0,515.0,537.0,268.0,176.0,201.0,275.0,314.0,353.0,345.0,378.0,433.0,520.0,613.0,621.0,664.0,707.0,770.0,856.0,941.0,911.0,993.0,14003.0
58.0,420.0,290.0,203.0,182.0,133.0,74.0,93.0,84.0,133.0,155.0,167.0,156.0,173.0,201.0,219.0,294.0,317.0,320.0,375.0,415.0,501.0,513.0,619.0,544.0,6581.0
59.0,105.0,104.0,86.0,64.0,67.0,39.0,34.0,74.0,72.0,70.0,102.0,89.0,71.0,75.0,84.0,79.0,83.0,91.0,92.0,75.0,80.0,82.0,97.0,110.0,1925.0
60.0,1615.0,1398.0,1128.0,922.0,932.0,602.0,535.0,567.0,654.0,712.0,661.0,626.0,666.0,657.0,675.0,737.0,739.0,751.0,902.0,1006.0,932.0,1062.0,1205.0,1550.0,21234.0
61.0,53184.0,41065.0,29034.0,20695.0,18158.0,8623.0,6877.0,6619.0,7806.0,8359.0,8238.0,8824.0,8839.0,10669.0,11523.0,13242.0,13532.0,14864.0,19261.0,22592.0,26108.0,35217.0,45753.0,52397.0,491479.0
62.0,13134.0,10021.0,6699.0,4676.0,3929.0,2084.0,2251.0,2544.0,2615.0,2860.0,2641.0,2737.0,2846.0,3244.0,3551.0,3846.0,4132.0,4173.0,5263.0,6169.0,7117.0,8872.0,11065.0,12972.0,129441.0
63.0,2570.0,1985.0,1390.0,1086.0,1171.0,847.0,859.0,937.0,1013.0,1295.0,1506.0,1234.0,1183.0,1192.0,1306.0,1507.0,1369.0,1492.0,1856.0,1820.0,1764.0,1932.0,2134.0,2647.0,36095.0
64.0,1869.0,1146.0,638.0,376.0,424.0,335.0,464.0,472.0,588.0,697.0,666.0,657.0,744.0,909.0,1026.0,1133.0,1333.0,1430.0,1407.0,1618.0,1778.0,1799.0,1961.0,1901.0,25371.0
65.0,33232.0,22791.0,16038.0,11541.0,8266.0,4996.0,8533.0,16741.0,23599.0,26555.0,21893.0,21324.0,20868.0,21647.0,23680.0,23083.0,22185.0,23247.0,27526.0,29727.0,33243.0,40504.0,45087.0,41993.0,568299.0
66.0,20377.0,12096.0,7297.0,4829.0,3616.0,2109.0,3501.0,6364.0,11619.0,19663.0,20157.0,19772.0,21415.0,21912.0,21659.0,20477.0,19003.0,22110.0,31583.0,35143.0,34076.0,34388.0,32469.0,27301.0,452936.0
67.0,3733.0,3290.0,2941.0,2055.0,1971.0,850.0,548.0,660.0,996.0,916.0,989.0,920.0,1156.0,1194.0,1242.0,1476.0,1498.0,1651.0,2146.0,2558.0,2805.0,3555.0,4042.0,4104.0,47296.0
68.0,274899.0,199058.0,148337.0,107047.0,69110.0,55003.0,124440.0,166416.0,249923.0,305684.0,299568.0,310765.0,338066.0,335802.0,342323.0,340277.0,315670.0,342293.0,426066.0,458310.0,412853.0,389557.0,385653.0,344605.0,6741725.0
69.0,9819.0,7122.0,5652.0,4630.0,4677.0,3009.0,2549.0,4376.0,5394.0,5466.0,3964.0,3444.0,3679.0,3828.0,4041.0,4307.0,4009.0,4623.0,5988.0,6729.0,6947.0,7528.0,8321.0,9101.0,129203.0
70.0,6832.0,4616.0,3298.0,2468.0,2869.0,2436.0,2362.0,3221.0,4205.0,4680.0,4939.0,4963.0,5220.0,5343.0,6029.0,6878.0,7274.0,7359.0,7680.0,7631.0,8217.0,8804.0,8590.0,8368.0,134282.0
71.0,4157.0,3230.0,2115.0,1519.0,1447.0,1020.0,1082.0,1410.0,1832.0,1946.0,1887.0,1891.0,1807.0,2207.0,2288.0,2654.0,2764.0,2348.0,2732.0,2851.0,2858.0,3028.0,3229.0,3790.0,56092.0
72.0,3768.0,2892.0,1862.0,1427.0,1619.0,1258.0,1197.0,1069.0,1500.0,1740.0,1711.0,1800.0,1834.0,2192.0,2287.0,2449.0,2592.0,2565.0,3161.0,3079.0,3172.0,3374.0,3288.0,3509.0,55345.0
73.0,1189.0,800.0,574.0,452.0,484.0,308.0,352.0,692.0,616.0,694.0,647.0,647.0,602.0,650.0,715.0,819.0,821.0,821.0,799.0,869.0,870.0,1079.0,1181.0,1309.0,17990.0
74.0,96495.0,72721.0,51639.0,40344.0,38584.0,31504.0,56177.0,118497.0,114226.0,100914.0,96934.0,98388.0,97967.0,103470.0,106525.0,120387.0,121066.0,133030.0,139966.0,132266.0,126670.0,121828.0,119250.0,115054.0,2353902.0
75.0,119410.0,84665.0,61419.0,47973.0,45621.0,42787.0,117714.0,202255.0,211788.0,185686.0,163404.0,156997.0,164518.0,173897.0,180290.0,187517.0,173361.0,179273.0,194443.0,182617.0,175675.0,176030.0,174197.0,156409.0,3557946.0
76.0,5709.0,4638.0,3167.0,2335.0,2445.0,2366.0,2325.0,2772.0,2963.0,3819.0,4019.0,3611.0,3540.0,4176.0,4266.0,4487.0,4289.0,3863.0,4825.0,4945.0,4141.0,4166.0,4678.0,5627.0,93172.0
77.0,1847.0,1346.0,885.0,731.0,800.0,667.0,586.0,602.0,1003.0,909.0,871.0,942.0,958.0,1079.0,1040.0,1157.0,1032.0,1119.0,1381.0,1347.0,1267.0,1180.0,1305.0,1698.0,25752.0
78.0,2322.0,1760.0,1299.0,1205.0,1219.0,827.0,765.0,958.0,1248.0,1211.0,1047.0,1114.0,1227.0,1149.0,1102.0,1165.0,1278.0,1193.0,1389.0,1459.0,1395.0,1609.0,1694.0,1935.0,31570.0
79.0,423404.0,334603.0,249787.0,159093.0,81838.0,32963.0,42722.0,73832.0,105302.0,125227.0,155243.0,194353.0,234757.0,246641.0,251616.0,264791.0,274933.0,355538.0,517753.0,617495.0,590815.0,559215.0,547546.0,504157.0,6943624.0
80.0,54827.0,44625.0,34149.0,26157.0,23010.0,9649.0,5885.0,5151.0,5351.0,6117.0,6627.0,7418.0,8356.0,9209.0,10554.0,11698.0,12328.0,14585.0,21061.0,26463.0,31798.0,37960.0,46259.0,54378.0,513615.0
81.0,1249.0,847.0,515.0,385.0,365.0,245.0,508.0,597.0,540.0,756.0,702.0,649.0,676.0,743.0,705.0,876.0,860.0,945.0,1179.0,1108.0,1176.0,1100.0,1187.0,1165.0,19078.0
82.0,22980.0,23334.0,19536.0,14482.0,14681.0,8011.0,6619.0,7221.0,6991.0,7235.0,7625.0,7188.0,6579.0,7163.0,7557.0,7916.0,7440.0,7083.0,7655.0,8713.0,9462.0,11526.0,13724.0,18453.0,259174.0
83.0,10165.0,9706.0,7867.0,6323.0,6869.0,4033.0,3375.0,3340.0,3856.0,3211.0,3030.0,3043.0,2964.0,2944.0,3451.0,3756.0,3799.0,3877.0,4345.0,4748.0,5103.0,6129.0,6954.0,8449.0,121337.0
84.0,178.0,186.0,112.0,100.0,89.0,50.0,31.0,23.0,34.0,41.0,44.0,60.0,77.0,111.0,58.0,73.0,74.0,110.0,85.0,125.0,135.0,160.0,204.0,192.0,2352.0
85.0,4318.0,3690.0,2477.0,1913.0,1914.0,1031.0,841.0,1249.0,1223.0,1206.0,1314.0,1192.0,1169.0,1278.0,1386.0,1524.0,1603.0,1780.0,2147.0,2449.0,2295.0,2673.0,3396.0,3681.0,47749.0
86.0,1271.0,909.0,501.0,262.0,200.0,568.0,927.0,751.0,653.0,678.0,771.0,768.0,686.0,927.0,939.0,1145.0,1211.0,1143.0,1566.0,1383.0,1161.0,1120.0,1195.0,1307.0,22042.0
87.0,122876.0,95420.0,76519.0,57696.0,34539.0,16352.0,38658.0,87695.0,121490.0,142424.0,117449.0,102403.0,101463.0,100358.0,104832.0,98679.0,90287.0,95518.0,117841.0,126194.0,133486.0,157338.0,164297.0,151580.0,2455394.0
88.0,36287.0,25975.0,19278.0,13746.0,10734.0,9235.0,22095.0,58203.0,107218.0,128395.0,98372.0,79034.0,72027.0,65763.0,63758.0,55281.0,45761.0,43951.0,50289.0,48440.0,46906.0,47859.0,47271.0,43517.0,1239395.0
89.0,25143.0,19880.0,14430.0,10382.0,9710.0,4871.0,4040.0,4542.0,4272.0,4491.0,4621.0,5204.0,5082.0,5960.0,6592.0,7350.0,8021.0,8165.0,10407.0,12507.0,14407.0,18781.0,22633.0,25537.0,257028.0
90.0,182852.0,137509.0,101985.0,74462.0,51921.0,35612.0,54151.0,96309.0,152930.0,197709.0,202707.0,207452.0,223693.0,220811.0,224276.0,230228.0,215153.0,229351.0,275653.0,289856.0,274571.0,273222.0,269075.0,234420.0,4455908.0
91.0,4020.0,3089.0,1977.0,1353.0,1343.0,1084.0,1196.0,1224.0,1497.0,1801.0,2146.0,2112.0,1971.0,2413.0,2582.0,2969.0,2880.0,2770.0,3278.0,3244.0,3235.0,3593.0,3795.0,4069.0,59641.0
92.0,7044.0,4896.0,3097.0,2162.0,2479.0,2009.0,2580.0,2778.0,4317.0,5023.0,5133.0,5364.0,5681.0,5751.0,6224.0,6891.0,6867.0,6722.0,7359.0,7524.0,7126.0,7501.0,7712.0,7686.0,129926.0
93.0,1884.0,1088.0,669.0,517.0,748.0,1865.0,3606.0,4145.0,4866.0,5678.0,6957.0,7579.0,7172.0,6098.0,5092.0,4770.0,4462.0,4727.0,6315.0,6153.0,5296.0,4742.0,3809.0,2736.0,100974.0
94.0,1974.0,1807.0,1340.0,1144.0,1364.0,776.0,487.0,459.0,581.0,647.0,630.0,608.0,632.0,658.0,693.0,676.0,673.0,730.0,940.0,1191.0,1344.0,1052.0,1275.0,1725.0,23406.0
95.0,26952.0,18786.0,11950.0,8397.0,6678.0,4576.0,5683.0,6185.0,7115.0,7824.0,8272.0,8530.0,9087.0,10739.0,12171.0,13684.0,14051.0,14321.0,17435.0,21364.0,25048.0,30576.0,34570.0,33479.0,357473.0
96.0,376.0,311.0,224.0,171.0,149.0,89.0,132.0,150.0,179.0,206.0,201.0,188.0,204.0,233.0,234.0,249.0,228.0,183.0,253.0,264.0,320.0,422.0,387.0,428.0,5781.0
97.0,39811.0,26923.0,16775.0,11122.0,8229.0,4446.0,6692.0,8578.0,10803.0,10910.0,10381.0,10952.0,11944.0,13626.0,15171.0,15883.0,16049.0,19377.0,29267.0,35590.0,37028.0,44751.0,50329.0,49871.0,504508.0
98.0,1493.0,946.0,570.0,387.0,312.0,335.0,602.0,801.0,1120.0,1317.0,1276.0,1444.0,1717.0,2003.0,2430.0,2394.0,2408.0,2089.0,2384.0,2490.0,2439.0,2416.0,2438.0,1997.0,37808.0
99.0,13.0,17.0,6.0,7.0,5.0,8.0,9.0,3.0,4.0,9.0,4.0,11.0,12.0,11.0,6.0,7.0,10.0,9.0,7.0,10.0,8.0,18.0,24.0,13.0,231.0
100.0,125300.0,74636.0,47847.0,32632.0,28590.0,37335.0,92792.0,178702.0,243880.0,271551.0,263711.0,266684.0,271356.0,278868.0,297141.0,298860.0,268356.0,255933.0,272283.0,271081.0,232842.0,208568.0,194465.0,168633.0,4682046.0
101.0,986.0,551.0,303.0,206.0,222.0,199.0,389.0,546.0,736.0,955.0,833.0,755.0,820.0,860.0,1057.0,1154.0,1276.0,1221.0,1242.0,1161.0,1040.0,1186.0,1237.0,1118.0,20053.0
102.0,3458.0,2649.0,2039.0,1627.0,1611.0,986.0,799.0,774.0,1055.0,1054.0,1255.0,1004.0,1055.0,1249.0,1472.0,1655.0,1641.0,1663.0,1910.0,2110.0,2294.0,2570.0,2904.0,3325.0,42159.0
104.0,,,,,,,,,,,,,,,1.0,,,,1.0,,,,,,2.0
105.0,20.0,6.0,7.0,5.0,4.0,2.0,7.0,10.0,17.0,13.0,14.0,17.0,11.0,14.0,16.0,10.0,11.0,13.0,12.0,15.0,20.0,16.0,12.0,12.0,284.0
106.0,12797.0,8998.0,5650.0,3905.0,3548.0,1922.0,1812.0,2182.0,3424.0,3135.0,3259.0,3577.0,4095.0,4441.0,4871.0,5419.0,5282.0,6102.0,7988.0,9995.0,10444.0,11866.0,13763.0,14187.0,152662.0
107.0,241214.0,182079.0,138100.0,92258.0,52785.0,41155.0,105657.0,183511.0,241496.0,249312.0,250061.0,252323.0,285367.0,281598.0,283889.0,291103.0,281369.0,341201.0,434185.0,458384.0,441591.0,429827.0,406174.0,334852.0,6299491.0
108.0,1243.0,983.0,644.0,569.0,519.0,359.0,326.0,388.0,405.0,466.0,556.0,479.0,586.0,867.0,857.0,883.0,867.0,1028.0,1091.0,1285.0,1112.0,1230.0,1336.0,1380.0,19459.0
109.0,253.0,233.0,140.0,110.0,98.0,61.0,39.0,25.0,46.0,69.0,74.0,64.0,77.0,79.0,69.0,107.0,116.0,116.0,123.0,178.0,236.0,250.0,282.0,298.0,3143.0
110.0,,,2.0,1.0,,,,,,,,,1.0,2.0,1.0,,,1.0,,,3.0,1.0,1.0,,13.0
111.0,315.0,275.0,178.0,111.0,85.0,53.0,44.0,39.0,55.0,79.0,74.0,76.0,120.0,112.0,113.0,134.0,116.0,114.0,206.0,283.0,220.0,321.0,369.0,394.0,3886.0
112.0,65785.0,46248.0,31334.0,21323.0,18217.0,8795.0,7458.0,7848.0,9660.0,10884.0,12292.0,13390.0,15112.0,17238.0,18773.0,20413.0,21001.0,25121.0,34919.0,44038.0,50429.0,59432.0,68692.0,73059.0,701461.0
113.0,119039.0,82131.0,56578.0,36298.0,22194.0,19750.0,38596.0,86511.0,140510.0,183667.0,194252.0,205387.0,227296.0,221503.0,222635.0,233679.0,222065.0,246514.0,311624.0,315653.0,279589.0,257374.0,228473.0,176511.0,4127829.0
114.0,139705.0,105135.0,73085.0,44983.0,23157.0,17626.0,25464.0,45540.0,90763.0,114369.0,122078.0,132956.0,154686.0,154045.0,149286.0,145953.0,143157.0,176941.0,237238.0,267319.0,236819.0,210690.0,190486.0,171063.0,3172544.0
115.0,313.0,301.0,339.0,258.0,156.0,103.0,80.0,89.0,119.0,127.0,136.0,113.0,152.0,156.0,172.0,157.0,167.0,142.0,177.0,205.0,254.0,331.0,328.0,331.0,4706.0
116.0,70425.0,54665.0,42959.0,31721.0,26787.0,13451.0,10391.0,15020.0,17131.0,16938.0,17065.0,18888.0,21441.0,23431.0,25946.0,28790.0,30643.0,35684.0,45234.0,48060.0,50228.0,55024.0,65226.0,71342.0,836490.0
117.0,1095.0,829.0,509.0,262.0,198.0,258.0,294.0,396.0,397.0,482.0,551.0,592.0,624.0,761.0,850.0,1042.0,1149.0,1076.0,1318.0,1310.0,1084.0,1175.0,1182.0,1123.0,18557.0
118.0,470.0,383.0,241.0,189.0,148.0,82.0,104.0,62.0,134.0,123.0,164.0,187.0,192.0,239.0,256.0,225.0,211.0,240.0,264.0,366.0,390.0,431.0,511.0,534.0,6146.0
119.0,4796.0,3886.0,3150.0,2623.0,2494.0,1467.0,1463.0,1814.0,1604.0,1670.0,1741.0,2169.0,2738.0,2309.0,2019.0,2187.0,2133.0,2447.0,3768.0,3573.0,3301.0,3406.0,3753.0,4473.0,64984.0
120.0,986.0,797.0,651.0,546.0,538.0,249.0,281.0,384.0,409.0,278.0,318.0,320.0,358.0,377.0,357.0,416.0,423.0,461.0,530.0,616.0,697.0,786.0,814.0,963.0,12555.0
121.0,3003.0,1942.0,1243.0,1005.0,971.0,890.0,1081.0,1324.0,1845.0,2033.0,1908.0,1683.0,1704.0,1757.0,1853.0,2079.0,2105.0,1891.0,2051.0,2514.0,2587.0,3072.0,3244.0,3302.0,47087.0
122.0,1022.0,746.0,407.0,306.0,204.0,196.0,374.0,361.0,401.0,518.0,592.0,518.0,523.0,597.0,666.0,747.0,807.0,773.0,981.0,888.0,775.0,847.0,882.0,1058.0,15189.0
123.0,2879.0,2252.0,1630.0,1381.0,1148.0,1013.0,1076.0,1079.0,1240.0,1413.0,1500.0,1461.0,1596.0,1864.0,1866.0,1835.0,1860.0,1851.0,2195.0,2775.0,2445.0,2487.0,2888.0,3161.0,44895.0
124.0,2080.0,1350.0,777.0,642.0,551.0,469.0,683.0,777.0,770.0,914.0,1132.0,1018.0,1212.0,1507.0,1795.0,2037.0,2177.0,2097.0,2164.0,2138.0,2072.0,2201.0,2304.0,2321.0,35188.0
125.0,54846.0,41930.0,30998.0,20127.0,11144.0,7399.0,16346.0,37934.0,83493.0,124631.0,104270.0,87341.0,86304.0,85375.0,82992.0,77563.0,66662.0,70109.0,86043.0,91459.0,82362.0,76948.0,76008.0,69108.0,1571392.0
126.0,2900.0,2452.0,1982.0,1687.0,1688.0,1705.0,1786.0,1410.0,1675.0,1615.0,1336.0,1153.0,1089.0,1115.0,1047.0,1136.0,1018.0,1029.0,1271.0,1458.0,1580.0,1896.0,2055.0,2446.0,38529.0
127.0,20878.0,14925.0,10148.0,6632.0,5743.0,2762.0,2222.0,4087.0,4389.0,3282.0,3462.0,4286.0,4858.0,5456.0,5955.0,6500.0,6337.0,7093.0,9621.0,13131.0,16320.0,18520.0,22436.0,23965.0,223008.0
128.0,785.0,412.0,285.0,255.0,143.0,304.0,970.0,2007.0,1280.0,932.0,683.0,707.0,724.0,711.0,671.0,596.0,544.0,526.0,764.0,895.0,956.0,1040.0,1081.0,1014.0,18285.0
129.0,44759.0,41036.0,33869.0,23402.0,22928.0,13275.0,10478.0,12125.0,14306.0,14402.0,15287.0,14949.0,14705.0,15490.0,17484.0,18415.0,18523.0,18817.0,20904.0,22537.0,25647.0,30137.0,34894.0,42519.0,540888.0
130.0,5129.0,3471.0,2390.0,1788.0,1850.0,1849.0,2551.0,3360.0,5050.0,5620.0,5834.0,4858.0,4409.0,4517.0,4703.0,4999.0,5108.0,5049.0,5192.0,5369.0,5316.0,5508.0,5475.0,5497.0,104892.0
131.0,3316.0,1906.0,1122.0,664.0,627.0,782.0,1023.0,1123.0,1298.0,1420.0,1584.0,1413.0,1294.0,1524.0,1774.0,1834.0,2056.0,2167.0,2237.0,2452.0,2558.0,2868.0,3061.0,3487.0,43590.0
132.0,17296.0,8264.0,5509.0,10132.0,40107.0,111791.0,140846.0,127101.0,110766.0,125510.0,98588.0,100250.0,128165.0,159104.0,200429.0,227073.0,230928.0,211431.0,200033.0,173787.0,110299.0,64240.0,39926.0,27666.0,2669241.0
133.0,8833.0,6463.0,4563.0,3234.0,2833.0,1526.0,1245.0,1203.0,1255.0,1335.0,1551.0,1692.0,1801.0,2122.0,2385.0,2610.0,2830.0,3434.0,4273.0,4989.0,5670.0,7368.0,8706.0,9736.0,91657.0
134.0,5592.0,3726.0,2430.0,1625.0,1658.0,1823.0,2085.0,2145.0,2883.0,3198.0,2713.0,2492.0,2762.0,3156.0,3539.0,3774.0,3701.0,3700.0,4262.0,4498.0,4883.0,5677.0,5913.0,5932.0,84167.0
135.0,4069.0,2789.0,1770.0,1203.0,1086.0,1445.0,2043.0,2147.0,2568.0,2516.0,2711.0,2291.0,2451.0,2604.0,3080.0,3011.0,3270.0,2969.0,3168.0,3472.0,3694.0,4391.0,4712.0,5486.0,68946.0
136.0,2928.0,2728.0,1868.0,1566.0,1551.0,1039.0,1050.0,1738.0,1675.0,1621.0,1141.0,1119.0,1201.0,1189.0,1417.0,1484.0,1323.0,1283.0,1480.0,1663.0,1889.0,2089.0,2384.0,2922.0,40348.0
137.0,159954.0,130032.0,107930.0,72396.0,44595.0,46510.0,150729.0,211206.0,209249.0,178544.0,167407.0,158484.0,170851.0,178492.0,181504.0,183923.0,168232.0,190452.0,240576.0,258215.0,248761.0,259381.0,257640.0,218964.0,4194027.0
138.0,6367.0,3102.0,3096.0,14172.0,91622.0,176452.0,229330.0,241416.0,231921.0,212847.0,205539.0,212366.0,243836.0,257198.0,273072.0,272642.0,246605.0,199203.0,153315.0,77090.0,32854.0,13486.0,7805.0,6677.0,3412013.0
139.0,1642.0,1090.0,513.0,308.0,285.0,561.0,735.0,821.0,858.0,1131.0,1234.0,1000.0,1122.0,1279.0,1474.0,1565.0,1771.0,1540.0,1825.0,1593.0,1435.0,1466.0,1570.0,1658.0,28476.0
140.0,120377.0,75534.0,50916.0,35564.0,26664.0,52632.0,206969.0,294725.0,322193.0,309245.0,296351.0,281608.0,282897.0,297951.0,305022.0,300055.0,252727.0,266112.0,302541.0,298103.0,270524.0,257204.0,238605.0,186195.0,5330714.0
141.0,211468.0,137527.0,92156.0,58378.0,37316.0,46913.0,108210.0,173877.0,243092.0,262938.0,294310.0,327763.0,366961.0,369553.0,382965.0,416949.0,399663.0,446827.0,530787.0,534614.0,481058.0,459989.0,421661.0,321170.0,7126145.0
142.0,162949.0,96378.0,60724.0,40797.0,31260.0,47934.0,99847.0,181332.0,283073.0,342242.0,383337.0,417299.0,480933.0,473238.0,470506.0,502411.0,488427.0,568431.0,682297.0,683610.0,448128.0,401254.0,356387.0,255033.0,7957827.0
143.0,109038.0,64750.0,39829.0,26323.0,18531.0,18324.0,62460.0,96325.0,135140.0,134811.0,151746.0,163791.0,181839.0,192392.0,215070.0,243371.0,231770.0,249768.0,288291.0,289195.0,265126.0,262971.0,237619.0,171401.0,3849881.0
144.0,120256.0,93288.0,68028.0,42978.0,24468.0,10534.0,19727.0,33519.0,65024.0,102972.0,120800.0,141548.0,159082.0,158894.0,154491.0,146757.0,133576.0,148735.0,188049.0,203963.0,184686.0,164131.0,155055.0,142858.0,2783419.0
145.0,63478.0,45652.0,31327.0,23360.0,20925.0,14680.0,17480.0,25789.0,29579.0,30249.0,31802.0,31124.0,32160.0,33025.0,34828.0,35737.0,35832.0,38028.0,45848.0,51095.0,60132.0,69276.0,75114.0,70442.0,946962.0
146.0,26029.0,19563.0,14293.0,11744.0,11304.0,8117.0,10529.0,11931.0,15041.0,14421.0,13513.0,12484.0,11654.0,12446.0,13871.0,14648.0,14216.0,15177.0,16557.0,17698.0,19814.0,23893.0,27072.0,27125.0,383140.0
147.0,2987.0,2690.0,2215.0,1603.0,1421.0,817.0,605.0,976.0,1014.0,878.0,886.0,847.0,824.0,844.0,877.0,949.0,1019.0,1217.0,1413.0,1376.0,1359.0,1558.0,2133.0,2631.0,33139.0
148.0,231863.0,182200.0,125247.0,75775.0,43829.0,16088.0,18860.0,28686.0,39868.0,58218.0,76663.0,100322.0,116745.0,120470.0,120192.0,121752.0,118906.0,142859.0,211592.0,252133.0,244620.0,239096.0,243584.0,251821.0,3181389.0
149.0,2665.0,1974.0,1348.0,1098.0,934.0,781.0,968.0,760.0,934.0,776.0,953.0,1023.0,1177.0,1474.0,1420.0,1526.0,1561.0,1535.0,1734.0,1915.0,1806.0,2144.0,2518.0,2863.0,35887.0
150.0,1108.0,750.0,520.0,385.0,336.0,285.0,392.0,451.0,516.0,577.0,550.0,558.0,623.0,779.0,846.0,905.0,992.0,852.0,1057.0,1130.0,1161.0,1075.0,1178.0,1248.0,18274.0
151.0,86445.0,54023.0,34800.0,24250.0,20386.0,11954.0,18316.0,39788.0,65632.0,71953.0,83996.0,95083.0,111968.0,119955.0,130590.0,157975.0,157491.0,174080.0,194692.0,185487.0,175144.0,174468.0,165638.0,127914.0,2482028.0
152.0,30546.0,23994.0,18518.0,14581.0,13367.0,7749.0,10150.0,23526.0,22771.0,18974.0,16612.0,17088.0,18999.0,19811.0,19700.0,20638.0,21063.0,24093.0,26917.0,27352.0,25399.0,26474.0,29407.0,31916.0,509645.0
153.0,1066.0,796.0,571.0,470.0,388.0,275.0,227.0,339.0,555.0,391.0,297.0,322.0,336.0,387.0,393.0,416.0,416.0,467.0,711.0,781.0,754.0,819.0,1002.0,1141.0,13320.0
154.0,146.0,104.0,51.0,44.0,60.0,65.0,104.0,128.0,142.0,146.0,138.0,151.0,129.0,165.0,184.0,209.0,170.0,139.0,208.0,211.0,143.0,169.0,139.0,146.0,3291.0
155.0,2484.0,1631.0,1055.0,897.0,981.0,928.0,1115.0,920.0,988.0,1275.0,1498.0,1425.0,1433.0,1790.0,2062.0,2225.0,2154.0,2080.0,2415.0,2464.0,2213.0,2440.0,2710.0,2574.0,41757.0
156.0,343.0,243.0,146.0,118.0,106.0,58.0,72.0,57.0,72.0,86.0,89.0,107.0,125.0,117.0,110.0,132.0,130.0,120.0,147.0,143.0,137.0,225.0,254.0,332.0,3469.0
157.0,7688.0,6588.0,5108.0,4312.0,5020.0,2875.0,2352.0,2156.0,2072.0,2025.0,2272.0,2202.0,2289.0,2739.0,3269.0,3453.0,3349.0,3397.0,4145.0,5077.0,6305.0,6664.0,6755.0,7508.0,99620.0
158.0,132922.0,92202.0,57260.0,31528.0,16409.0,9137.0,20688.0,41132.0,95416.0,107113.0,132876.0,144427.0,160196.0,155662.0,160298.0,165205.0,157517.0,180780.0,239226.0,251701.0,224427.0,197337.0,188338.0,168853.0,3130650.0
159.0,7310.0,6189.0,5007.0,3990.0,3507.0,2631.0,2629.0,4624.0,4330.0,3888.0,2777.0,2588.0,2675.0,2722.0,2781.0,2862.0,2769.0,2965.0,3464.0,3783.0,3830.0,4000.0,5129.0,6999.0,93449.0
160.0,6436.0,5165.0,3750.0,2888.0,2657.0,1494.0,1267.0,1437.0,1711.0,1926.0,2099.0,1837.0,2063.0,2469.0,3050.0,3272.0,3120.0,3206.0,4127.0,5654.0,6929.0,7138.0,7492.0,7423.0,88610.0
161.0,138949.0,82808.0,47602.0,35948.0,51658.0,150339.0,535987.0,946027.0,936124.0,848579.0,752518.0,707721.0,726902.0,688977.0,682317.0,641975.0,561520.0,537617.0,553811.0,480690.0,366805.0,339555.0,313731.0,234422.0,11362582.0
162.0,184239.0,115452.0,62488.0,43971.0,38994.0,86036.0,294021.0,641130.0,758583.0,704309.0,570769.0,524416.0,528884.0,504099.0,505913.0,482193.0,435768.0,440296.0,456612.0,414787.0,375123.0,367059.0,346937.0,279507.0,9161586.0
163.0,163222.0,96630.0,61683.0,40265.0,31360.0,56373.0,178490.0,328895.0,448152.0,458756.0,423690.0,432774.0,458850.0,446244.0,439124.0,428893.0,384237.0,379884.0,407368.0,375610.0,307300.0,307765.0,304376.0,248032.0,7207973.0
164.0,202312.0,133905.0,95840.0,69239.0,51220.0,41781.0,110026.0,197877.0,278443.0,334284.0,321079.0,336418.0,361799.0,356303.0,372019.0,375207.0,345553.0,349618.0,391538.0,374785.0,352250.0,342954.0,332474.0,280744.0,6407668.0
165.0,4280.0,3157.0,2260.0,1546.0,1541.0,1444.0,1643.0,1578.0,1765.0,1814.0,1639.0,1721.0,1993.0,2357.0,2587.0,2849.0,2806.0,2775.0,3496.0,3932.0,3663.0,4046.0,4640.0,4906.0,64438.0
166.0,61553.0,42372.0,29986.0,21818.0,17122.0,15328.0,36397.0,85754.0,160451.0,141981.0,121523.0,114530.0,119908.0,118951.0,126568.0,129149.0,119248.0,132606.0,138644.0,123041.0,106575.0,105940.0,107260.0,85694.0,2262399.0
167.0,3679.0,3356.0,2815.0,2172.0,1895.0,1255.0,1235.0,1706.0,1799.0,1580.0,1342.0,1306.0,1347.0,1399.0,1412.0,1510.0,1529.0,1878.0,2042.0,2316.0,2374.0,2625.0,2919.0,3370.0,48861.0
168.0,17665.0,14932.0,11687.0,9144.0,9111.0,6457.0,8130.0,11383.0,8906.0,7452.0,6688.0,6213.0,6623.0,6781.0,7285.0,7787.0,7706.0,8769.0,10180.0,10614.0,11425.0,12014.0,13855.0,16773.0,237580.0
169.0,4424.0,3768.0,2885.0,2351.0,2412.0,1889.0,1439.0,1587.0,1796.0,1744.0,1703.0,1545.0,1473.0,1533.0,1560.0,1749.0,1664.0,1913.0,2326.0,2657.0,2875.0,3165.0,3611.0,4152.0,56221.0
170.0,287921.0,212088.0,144497.0,95897.0,59938.0,67272.0,188249.0,356007.0,469768.0,504340.0,477401.0,473774.0,502237.0,500450.0,513217.0,507102.0,474570.0,513504.0,580303.0,562819.0,558356.0,558679.0,523217.0,412888.0,9544494.0
171.0,2768.0,1979.0,1387.0,960.0,1135.0,838.0,668.0,879.0,1276.0,1284.0,1345.0,1422.0,1430.0,1705.0,1868.0,2130.0,2233.0,2377.0,2345.0,2446.0,2753.0,3007.0,3249.0,3032.0,44516.0
172.0,283.0,218.0,145.0,110.0,101.0,53.0,36.0,42.0,62.0,57.0,56.0,76.0,73.0,78.0,101.0,95.0,103.0,152.0,120.0,181.0,491.0,441.0,406.0,382.0,3862.0
173.0,7487.0,9004.0,8366.0,6834.0,7476.0,3682.0,2250.0,2059.0,1942.0,2042.0,2196.0,1747.0,1543.0,1698.0,2034.0,2176.0,2302.0,2401.0,2698.0,2668.0,2533.0,3171.0,3665.0,5348.0,87322.0
174.0,2487.0,1966.0,1552.0,1289.0,1487.0,1094.0,1372.0,2011.0,2256.0,1954.0,1491.0,1323.0,1233.0,1303.0,1247.0,1180.0,1108.0,1195.0,1500.0,1731.0,1877.0,2010.0,2188.0,2613.0,39467.0
175.0,1542.0,909.0,487.0,367.0,311.0,369.0,529.0,520.0,760.0,673.0,614.0,619.0,828.0,904.0,1032.0,1169.0,1287.0,1231.0,1316.0,1681.0,1889.0,1968.0,1969.0,1977.0,24951.0
176.0,146.0,127.0,85.0,81.0,71.0,36.0,30.0,32.0,33.0,33.0,39.0,50.0,41.0,54.0,58.0,63.0,82.0,85.0,88.0,116.0,158.0,252.0,254.0,193.0,2207.0
177.0,5535.0,4924.0,4000.0,3454.0,3865.0,2108.0,1374.0,1247.0,1589.0,1576.0,1696.0,1663.0,1622.0,1789.0,1973.0,2207.0,2005.0,2230.0,2686.0,2908.0,2914.0,3348.0,3901.0,4692.0,65306.0
178.0,1436.0,980.0,691.0,654.0,556.0,588.0,723.0,555.0,507.0,554.0,531.0,631.0,782.0,949.0,1104.0,1084.0,1305.0,1170.0,1172.0,1537.0,1603.0,1648.0,1683.0,1704.0,24147.0
179.0,37222.0,29864.0,21662.0,16352.0,17046.0,9476.0,7220.0,8111.0,8123.0,7647.0,7771.0,8108.0,8802.0,9925.0,11210.0,11712.0,12237.0,13836.0,17137.0,20234.0,24312.0,29218.0,33530.0,36583.0,407338.0
180.0,1732.0,1243.0,773.0,630.0,592.0,509.0,578.0,653.0,716.0,761.0,916.0,711.0,663.0,843.0,956.0,1089.0,1069.0,1083.0,1332.0,1209.0,1223.0,1438.0,1584.0,1934.0,24237.0
181.0,85357.0,54322.0,31755.0,19569.0,13710.0,7114.0,9682.0,12186.0,16274.0,15163.0,15743.0,17998.0,20415.0,23484.0,27145.0,29783.0,31328.0,37348.0,54700.0,68392.0,76627.0,96883.0,112127.0,107357.0,984462.0
182.0,3319.0,2330.0,1526.0,1199.0,1196.0,644.0,487.0,658.0,935.0,986.0,919.0,999.0,1276.0,1265.0,1295.0,1558.0,1703.0,1747.0,2234.0,2302.0,2825.0,2867.0,3102.0,3457.0,40829.0
183.0,1118.0,836.0,607.0,528.0,542.0,301.0,264.0,188.0,223.0,319.0,346.0,393.0,352.0,431.0,509.0,672.0,691.0,691.0,807.0,870.0,1004.0,1143.0,1270.0,1310.0,15415.0
184.0,105.0,94.0,66.0,55.0,74.0,47.0,85.0,88.0,106.0,108.0,109.0,109.0,125.0,121.0,141.0,123.0,135.0,140.0,120.0,111.0,123.0,119.0,114.0,144.0,2562.0
185.0,2686.0,2124.0,1650.0,1262.0,1436.0,739.0,674.0,832.0,1201.0,1456.0,1072.0,963.0,1037.0,1050.0,1184.0,1279.0,1213.0,1201.0,1406.0,1708.0,1967.0,2183.0,2389.0,2669.0,35381.0
186.0,244220.0,151574.0,109850.0,67542.0,69292.0,108565.0,213161.0,286428.0,307019.0,369605.0,386861.0,402947.0,406336.0,408022.0,478436.0,499204.0,477029.0,454539.0,477757.0,482880.0,454811.0,414885.0,387908.0,306950.0,7965821.0
187.0,136.0,122.0,91.0,78.0,62.0,37.0,27.0,38.0,41.0,36.0,41.0,32.0,58.0,59.0,42.0,60.0,52.0,68.0,77.0,114.0,113.0,138.0,157.0,169.0,1848.0
188.0,23078.0,18139.0,12584.0,8908.0,8428.0,4546.0,3931.0,4054.0,4233.0,4251.0,4309.0,4603.0,4774.0,5860.0,5799.0,6351.0,6585.0,6962.0,8600.0,10418.0,11349.0,15040.0,19151.0,22334.0,224287.0
189.0,31053.0,20681.0,11841.0,7447.0,5100.0,2188.0,3009.0,2960.0,3667.0,3828.0,4172.0,5022.0,5554.0,6551.0,7705.0,8488.0,8944.0,10079.0,14320.0,18019.0,21464.0,29677.0,36050.0,36450.0,304269.0
190.0,4419.0,3305.0,2179.0,1409.0,1240.0,639.0,629.0,981.0,997.0,1303.0,2068.0,2635.0,2418.0,2453.0,2451.0,2250.0,1979.0,1802.0,2148.0,2489.0,2449.0,3140.0,4076.0,4558.0,54017.0
191.0,2462.0,1625.0,877.0,595.0,518.0,745.0,788.0,809.0,1067.0,1711.0,1595.0,1439.0,1287.0,1467.0,1576.0,1874.0,1936.0,2213.0,2357.0,2563.0,2260.0,2623.0,2354.0,2680.0,39421.0
192.0,1309.0,922.0,593.0,470.0,483.0,434.0,672.0,873.0,1184.0,1177.0,1217.0,956.0,990.0,1006.0,1062.0,1099.0,1073.0,947.0,1087.0,1283.0,1469.0,1541.0,1506.0,1550.0,24903.0
193.0,10103.0,8470.0,6269.0,5074.0,5577.0,4940.0,6836.0,13317.0,16092.0,14206.0,13289.0,12086.0,11171.0,11155.0,12008.0,11873.0,11211.0,10547.0,9590.0,9036.0,8828.0,9468.0,9650.0,9795.0,240591.0
194.0,406.0,317.0,158.0,118.0,172.0,407.0,967.0,2220.0,3061.0,3437.0,3175.0,3185.0,2820.0,2835.0,3012.0,3545.0,3191.0,2396.0,2385.0,1920.0,1561.0,1081.0,730.0,657.0,43756.0
195.0,6348.0,4460.0,3476.0,2190.0,2023.0,1328.0,1739.0,3220.0,3661.0,3842.0,4413.0,6085.0,7830.0,7314.0,6776.0,5577.0,4275.0,4636.0,6744.0,7297.0,6584.0,6722.0,7427.0,7528.0,121495.0
196.0,8862.0,6365.0,4307.0,3123.0,2611.0,1663.0,1973.0,2210.0,3079.0,3066.0,3288.0,3099.0,3222.0,3584.0,3925.0,4141.0,4266.0,4439.0,5202.0,6197.0,7102.0,8016.0,9364.0,9665.0,112769.0
197.0,5637.0,3809.0,2401.0,2002.0,1695.0,1935.0,3871.0,3421.0,3108.0,3421.0,3489.0,3034.0,2934.0,3208.0,3416.0,3895.0,3750.0,3643.0,4139.0,4265.0,4141.0,4770.0,5200.0,6137.0,87321.0
198.0,17384.0,14985.0,11957.0,9533.0,10004.0,5138.0,3165.0,2436.0,2325.0,2547.0,2654.0,2844.0,2680.0,3200.0,3803.0,4184.0,4261.0,4754.0,6177.0,6554.0,7378.0,9652.0,12152.0,15007.0,164774.0
199.0,,3.0,2.0,,,,1.0,1.0,3.0,,2.0,5.0,1.0,2.0,2.0,1.0,3.0,6.0,6.0,4.0,7.0,5.0,4.0,1.0,59.0
200.0,5348.0,3318.0,2216.0,1418.0,1193.0,743.0,953.0,1756.0,3706.0,2911.0,2498.0,2741.0,2764.0,3292.0,3633.0,4012.0,3871.0,4156.0,5163.0,6357.0,7163.0,8082.0,8423.0,7190.0,92907.0
201.0,1062.0,771.0,405.0,291.0,226.0,217.0,374.0,307.0,282.0,273.0,313.0,332.0,317.0,501.0,618.0,597.0,593.0,592.0,662.0,892.0,867.0,911.0,1130.0,1076.0,13609.0
202.0,9324.0,6304.0,4792.0,3591.0,3080.0,1556.0,1539.0,1734.0,2113.0,2153.0,2372.0,2812.0,3227.0,3836.0,4392.0,4975.0,5167.0,6477.0,7667.0,9376.0,11053.0,11842.0,12245.0,11007.0,132634.0
203.0,2084.0,1489.0,690.0,382.0,363.0,688.0,913.0,1062.0,1033.0,1363.0,1602.0,1242.0,1237.0,1610.0,1709.0,1909.0,1925.0,2084.0,2210.0,2337.0,2157.0,2330.0,2235.0,2350.0,37004.0
204.0,155.0,117.0,86.0,69.0,47.0,41.0,43.0,31.0,41.0,26.0,36.0,30.0,26.0,43.0,27.0,43.0,39.0,43.0,43.0,68.0,142.0,175.0,202.0,188.0,1761.0
205.0,3096.0,2261.0,1115.0,579.0,792.0,843.0,1061.0,1328.0,1696.0,2011.0,2140.0,1772.0,1875.0,2141.0,2501.0,2777.0,2505.0,2689.0,2894.0,2862.0,2375.0,2460.0,2872.0,3058.0,49703.0
206.0,499.0,364.0,273.0,229.0,189.0,109.0,100.0,112.0,218.0,175.0,164.0,161.0,171.0,180.0,195.0,221.0,216.0,254.0,272.0,321.0,330.0,424.0,486.0,464.0,6127.0
207.0,115.0,65.0,40.0,45.0,204.0,1186.0,1734.0,1781.0,1307.0,1083.0,1245.0,1512.0,1690.0,1857.0,1826.0,617.0,226.0,181.0,170.0,153.0,125.0,143.0,162.0,116.0,17583.0
208.0,2704.0,2079.0,1602.0,1340.0,1195.0,739.0,673.0,862.0,1076.0,1263.0,1162.0,1282.0,1270.0,1357.0,1657.0,1734.0,1588.0,1691.0,2092.0,2337.0,2509.0,2763.0,2961.0,2988.0,40924.0
209.0,36903.0,26705.0,20058.0,14197.0,8971.0,4089.0,10526.0,21342.0,37513.0,37180.0,34295.0,34341.0,38045.0,37499.0,39124.0,37351.0,34053.0,38018.0,49431.0,51476.0,50232.0,52949.0,53685.0,48532.0,816515.0
210.0,2492.0,1789.0,1147.0,869.0,841.0,668.0,734.0,715.0,936.0,1148.0,1263.0,1290.0,1533.0,1872.0,1949.0,1992.0,2037.0,2249.0,2368.0,2612.0,2330.0,2507.0,2662.0,2810.0,40813.0
211.0,76848.0,52651.0,36809.0,26001.0,15327.0,7914.0,16907.0,30909.0,66980.0,109772.0,135060.0,155777.0,173110.0,169458.0,163536.0,155827.0,138683.0,139678.0,164033.0,168951.0,147387.0,127763.0,117619.0,103295.0,2500295.0
212.0,3970.0,3718.0,2953.0,2292.0,2311.0,1498.0,877.0,747.0,673.0,836.0,742.0,783.0,881.0,905.0,1016.0,1018.0,1075.0,1160.0,1550.0,1558.0,1656.0,1881.0,2458.0,2997.0,39555.0
213.0,3281.0,2544.0,1878.0,1648.0,1684.0,1217.0,1098.0,1335.0,1344.0,1529.0,1600.0,1592.0,1762.0,1879.0,1869.0,2261.0,2204.0,2517.0,3238.0,2855.0,3189.0,3423.0,3120.0,3132.0,52199.0
214.0,393.0,292.0,327.0,269.0,194.0,107.0,112.0,106.0,111.0,116.0,125.0,142.0,106.0,163.0,150.0,148.0,166.0,219.0,258.0,332.0,374.0,519.0,474.0,419.0,5622.0
215.0,2481.0,1605.0,985.0,605.0,660.0,796.0,1303.0,1641.0,1852.0,2097.0,2203.0,1777.0,1744.0,2023.0,2263.0,2549.0,2381.0,2388.0,2837.0,2928.0,2634.0,2545.0,2548.0,2821.0,47666.0
216.0,8168.0,4914.0,2712.0,1886.0,1921.0,2850.0,4115.0,4508.0,4403.0,5032.0,5411.0,5296.0,5457.0,5972.0,7013.0,8218.0,8641.0,7960.0,8419.0,7903.0,7585.0,8303.0,8519.0,9703.0,144909.0
217.0,5276.0,3964.0,3149.0,2562.0,2518.0,1329.0,1218.0,1399.0,1490.0,1833.0,2644.0,3727.0,5161.0,5496.0,6559.0,6598.0,5825.0,5408.0,5455.0,5063.0,5028.0,5639.0,6223.0,6250.0,99814.0
218.0,3481.0,2287.0,1091.0,627.0,405.0,728.0,1186.0,1430.0,1464.0,1623.0,1926.0,1706.0,1846.0,2305.0,2468.0,2738.0,2757.0,2785.0,3257.0,3346.0,3297.0,3458.0,3675.0,3774.0,53660.0
219.0,4830.0,2894.0,1464.0,687.0,559.0,954.0,2241.0,2118.0,1961.0,2091.0,2358.0,2120.0,2366.0,2777.0,3382.0,3886.0,4123.0,4295.0,5033.0,5188.0,5438.0,5522.0,5541.0,5603.0,77431.0
220.0,7660.0,5023.0,3488.0,2560.0,2069.0,1361.0,1173.0,2052.0,2121.0,2262.0,2441.0,2899.0,3379.0,3898.0,4409.0,4603.0,4495.0,4980.0,5852.0,7541.0,9234.0,10815.0,11472.0,10189.0,115976.0
221.0,465.0,315.0,284.0,221.0,208.0,132.0,116.0,101.0,124.0,147.0,182.0,208.0,198.0,221.0,201.0,204.0,224.0,240.0,288.0,370.0,401.0,501.0,491.0,507.0,6349.0
222.0,806.0,471.0,242.0,181.0,206.0,323.0,481.0,565.0,523.0,607.0,697.0,619.0,818.0,954.0,925.0,901.0,984.0,895.0,994.0,892.0,817.0,801.0,741.0,931.0,16374.0
223.0,51932.0,42723.0,31684.0,23582.0,23959.0,13177.0,10530.0,13280.0,15557.0,14663.0,13647.0,13544.0,14347.0,15387.0,17030.0,18209.0,18405.0,19564.0,24182.0,27463.0,31860.0,38757.0,46892.0,51068.0,591442.0
224.0,64455.0,45483.0,34344.0,25600.0,15795.0,7069.0,10906.0,14604.0,16290.0,19568.0,24175.0,30882.0,38494.0,42563.0,48180.0,56488.0,60534.0,74580.0,90085.0,99109.0,108047.0,113323.0,108724.0,90024.0,1239322.0
225.0,30544.0,26485.0,20871.0,17385.0,17275.0,7650.0,4982.0,3782.0,4188.0,4384.0,4524.0,4765.0,4838.0,5702.0,6430.0,7453.0,8045.0,8755.0,11691.0,13290.0,15661.0,20225.0,24782.0,29616.0,303323.0
226.0,57690.0,50025.0,39109.0,30575.0,34740.0,23295.0,20032.0,20956.0,24828.0,21899.0,21133.0,20142.0,19735.0,20782.0,23435.0,24048.0,23700.0,24379.0,27950.0,31041.0,36095.0,41753.0,47994.0,53603.0,738939.0
227.0,6905.0,5483.0,4124.0,3359.0,3333.0,1653.0,1093.0,1306.0,1498.0,1476.0,1496.0,1412.0,1431.0,1543.0,1647.0,1809.0,2066.0,2486.0,2631.0,3041.0,3597.0,4528.0,5432.0,6356.0,69705.0
228.0,17221.0,14487.0,10853.0,8275.0,7295.0,3618.0,3651.0,3621.0,4815.0,5566.0,5224.0,4641.0,4660.0,5033.0,5264.0,5308.0,5177.0,5424.0,7184.0,7856.0,8738.0,11383.0,14347.0,17138.0,186779.0
229.0,173713.0,112316.0,78069.0,52030.0,31505.0,29026.0,62308.0,120512.0,185899.0,221883.0,222647.0,237698.0,265370.0,263280.0,271330.0,283048.0,271328.0,313716.0,399938.0,413813.0,387536.0,385196.0,358252.0,264439.0,5404852.0
230.0,232535.0,147889.0,103606.0,74769.0,59600.0,106040.0,357950.0,508959.0,461948.0,453618.0,416737.0,431520.0,487536.0,572273.0,521743.0,481642.0,467277.0,515566.0,656516.0,670591.0,425413.0,414530.0,398633.0,331809.0,9298700.0
231.0,161104.0,115483.0,85700.0,56241.0,32948.0,33408.0,122086.0,216492.0,270986.0,312579.0,269294.0,250848.0,261187.0,249498.0,249530.0,242681.0,207701.0,224220.0,286737.0,306919.0,284006.0,272726.0,262255.0,218337.0,4992966.0
232.0,72563.0,53819.0,40718.0,30488.0,22528.0,10327.0,13975.0,27102.0,35351.0,31973.0,35391.0,41192.0,48290.0,53472.0,57434.0,61499.0,61231.0,74885.0,96132.0,107695.0,104880.0,101132.0,99172.0,91642.0,1372891.0
233.0,147028.0,102662.0,77436.0,53623.0,32719.0,25875.0,76043.0,154481.0,247484.0,276537.0,232280.0,194898.0,198357.0,206353.0,218140.0,217344.0,207630.0,224588.0,259655.0,263455.0,257551.0,273189.0,262224.0,210595.0,4420147.0
234.0,182734.0,127691.0,88856.0,60419.0,39752.0,55503.0,154895.0,274998.0,433912.0,553530.0,501245.0,483976.0,514710.0,484062.0,469463.0,449842.0,403810.0,433356.0,521843.0,512395.0,438429.0,371846.0,321634.0,255312.0,8134213.0
235.0,4959.0,3675.0,2845.0,2220.0,2236.0,1473.0,1114.0,1764.0,1858.0,1580.0,1529.0,1649.0,1721.0,1724.0,1934.0,2018.0,2068.0,2240.0,3181.0,3128.0,3211.0,3456.0,3824.0,4691.0,60098.0
236.0,171528.0,93524.0,56917.0,36262.0,26713.0,49830.0,137249.0,387878.0,577254.0,566316.0,652343.0,699155.0,734896.0,719870.0,784061.0,852678.0,746314.0,755124.0,827367.0,735969.0,588614.0,561260.0,485945.0,313118.0,11560185.0
237.0,129468.0,69248.0,41438.0,26962.0,21951.0,47146.0,148367.0,348156.0,520021.0,604557.0,669989.0,741366.0,832462.0,764335.0,758331.0,781692.0,691971.0,698282.0,784130.0,678070.0,484954.0,427339.0,372108.0,244031.0,10886374.0
238.0,168383.0,100236.0,59764.0,38460.0,29571.0,32516.0,56313.0,162280.0,249224.0,212524.0,242734.0,267752.0,297590.0,307102.0,364903.0,402547.0,390692.0,425587.0,470541.0,445931.0,403803.0,397791.0,364752.0,264802.0,6155798.0
239.0,176847.0,101963.0,61224.0,38136.0,25400.0,25955.0,56304.0,140486.0,243932.0,280575.0,344029.0,386266.0,423227.0,414181.0,439546.0,488408.0,465542.0,508180.0,602004.0,571762.0,471097.0,445316.0,405172.0,286534.0,7402086.0
240.0,546.0,488.0,378.0,344.0,404.0,434.0,355.0,388.0,470.0,369.0,403.0,356.0,385.0,364.0,364.0,358.0,330.0,295.0,306.0,370.0,462.0,402.0,498.0,518.0,9587.0
241.0,4240.0,3171.0,2506.0,2057.0,1964.0,1212.0,949.0,1291.0,1345.0,1174.0,1018.0,1164.0,1228.0,1358.0,1523.0,1415.0,1495.0,1639.0,2176.0,2348.0,2737.0,3370.0,3602.0,4183.0,49165.0
242.0,1824.0,1470.0,1012.0,850.0,1160.0,976.0,1253.0,1435.0,1868.0,2100.0,1673.0,1462.0,1533.0,1592.0,1497.0,1368.0,1289.0,1286.0,1548.0,1494.0,1538.0,1625.0,1718.0,1902.0,35473.0
243.0,46931.0,31833.0,21251.0,15015.0,12885.0,6321.0,5175.0,8282.0,9255.0,8806.0,10275.0,12033.0,13422.0,15038.0,16161.0,17358.0,17172.0,18625.0,23992.0,31635.0,40281.0,48942.0,55674.0,55721.0,542083.0
244.0,73549.0,55885.0,40500.0,30485.0,28151.0,19435.0,36666.0,49678.0,51011.0,44023.0,37600.0,34251.0,34517.0,35290.0,34346.0,34176.0,30927.0,32972.0,41508.0,48801.0,52929.0,60632.0,71011.0,79690.0,1058033.0
245.0,315.0,215.0,156.0,114.0,73.0,50.0,52.0,63.0,70.0,79.0,97.0,74.0,76.0,96.0,91.0,109.0,126.0,120.0,135.0,164.0,218.0,311.0,330.0,309.0,3443.0
246.0,142193.0,101308.0,76823.0,55807.0,37108.0,47259.0,131369.0,195359.0,350188.0,414839.0,357390.0,310361.0,292167.0,280655.0,280721.0,292220.0,253213.0,284609.0,364935.0,332090.0,273989.0,247039.0,225724.0,190886.0,5538252.0
247.0,6640.0,5835.0,4238.0,3545.0,4289.0,2615.0,2921.0,4941.0,4934.0,6278.0,5886.0,5818.0,7342.0,5775.0,4752.0,5054.0,5079.0,5681.0,7856.0,7386.0,5448.0,5439.0,5797.0,7134.0,130683.0
248.0,3047.0,2889.0,2359.0,1993.0,1769.0,964.0,662.0,951.0,859.0,792.0,783.0,687.0,737.0,792.0,887.0,998.0,1047.0,1015.0,1313.0,1437.0,1472.0,1797.0,2318.0,2558.0,34126.0
249.0,223924.0,165529.0,117948.0,74336.0,40268.0,19634.0,31730.0,64877.0,123292.0,133096.0,153346.0,182252.0,213939.0,213611.0,218787.0,218068.0,216670.0,270585.0,381443.0,435461.0,404065.0,364619.0,342123.0,291468.0,4901071.0
250.0,2393.0,1750.0,1312.0,1092.0,1061.0,902.0,843.0,901.0,1030.0,1117.0,943.0,906.0,919.0,912.0,920.0,1013.0,1030.0,985.0,1229.0,1419.0,1460.0,1632.0,1842.0,2066.0,29677.0
251.0,358.0,326.0,259.0,151.0,115.0,73.0,75.0,90.0,65.0,104.0,88.0,98.0,124.0,137.0,131.0,143.0,128.0,129.0,188.0,243.0,274.0,434.0,475.0,423.0,4631.0
252.0,2457.0,1551.0,975.0,644.0,645.0,433.0,620.0,1125.0,1224.0,1344.0,1387.0,1379.0,1496.0,1711.0,2095.0,2331.0,2464.0,2411.0,2563.0,2940.0,2916.0,3055.0,3241.0,2992.0,43999.0
253.0,63.0,51.0,33.0,31.0,61.0,46.0,48.0,89.0,127.0,223.0,232.0,201.0,197.0,195.0,137.0,129.0,159.0,143.0,173.0,158.0,109.0,98.0,112.0,96.0,2911.0
254.0,2256.0,1746.0,1167.0,1044.0,1060.0,1030.0,955.0,903.0,1038.0,1356.0,1198.0,1203.0,1253.0,1309.0,1337.0,1483.0,1605.0,1552.0,1853.0,1854.0,1885.0,1951.0,1978.0,2307.0,35323.0
255.0,73085.0,53907.0,37942.0,26058.0,18060.0,6299.0,6146.0,6559.0,9364.0,11812.0,14888.0,18986.0,21714.0,24421.0,26933.0,28800.0,29567.0,34423.0,48225.0,56950.0,63130.0,70186.0,78851.0,81836.0,848142.0
256.0,70245.0,55421.0,41919.0,29982.0,22253.0,7703.0,5939.0,5784.0,7039.0,9626.0,11564.0,14369.0,17392.0,19627.0,21339.0,21554.0,21535.0,26215.0,38623.0,47645.0,53662.0,60587.0,69436.0,74883.0,754342.0
257.0,13881.0,9227.0,5475.0,3453.0,2655.0,1362.0,1541.0,1907.0,2021.0,1663.0,1727.0,2136.0,2480.0,3043.0,3539.0,4038.0,4379.0,5221.0,7661.0,9592.0,11133.0,14947.0,17472.0,16894.0,147447.0
258.0,4536.0,3678.0,2458.0,1967.0,2064.0,1411.0,1186.0,1126.0,1178.0,1421.0,1833.0,1449.0,1236.0,1589.0,1845.0,2217.0,2185.0,2236.0,2668.0,2611.0,3035.0,3630.0,3995.0,4500.0,56054.0
259.0,2747.0,2654.0,1782.0,1553.0,1643.0,1039.0,606.0,538.0,662.0,810.0,721.0,765.0,890.0,936.0,1047.0,1109.0,1143.0,1098.0,1193.0,1451.0,1761.0,2150.0,2533.0,2837.0,33668.0
260.0,27627.0,26107.0,21780.0,16956.0,17997.0,11628.0,8859.0,9854.0,10635.0,9499.0,9128.0,9079.0,8566.0,9465.0,10710.0,11536.0,11625.0,11423.0,12172.0,12970.0,14861.0,16717.0,19686.0,24453.0,343333.0
261.0,62201.0,43781.0,31940.0,23409.0,15709.0,9117.0,18031.0,34328.0,63865.0,84901.0,92866.0,89513.0,85590.0,83609.0,83641.0,76348.0,63616.0,61555.0,69731.0,69445.0,71886.0,81185.0,85758.0,78190.0,1480215.0
262.0,118753.0,71966.0,45343.0,30078.0,20199.0,18640.0,31878.0,83338.0,112347.0,107012.0,128702.0,147492.0,164632.0,177329.0,210685.0,248687.0,242170.0,261108.0,287898.0,287353.0,279098.0,278597.0,253825.0,185069.0,3792199.0
263.0,206312.0,136590.0,92596.0,60299.0,39201.0,35568.0,52675.0,101431.0,171772.0,185968.0,203642.0,224933.0,248425.0,253490.0,274343.0,309909.0,305667.0,350615.0,423911.0,437798.0,401707.0,379772.0,358736.0,291106.0,5546466.0
264.0,133758.0,94373.0,67183.0,48987.0,38975.0,35772.0,73200.0,118283.0,148093.0,159418.0,160250.0,169621.0,185300.0,192994.0,204757.0,214348.0,202571.0,214011.0,243068.0,241981.0,218001.0,215692.0,204036.0,174663.0,3759335.0
265.0,48973.0,39617.0,28556.0,21323.0,17371.0,12257.0,13178.0,14461.0,19049.0,24799.0,26799.0,26828.0,27603.0,27682.0,28451.0,29705.0,31201.0,32059.0,37812.0,41816.0,41222.0,46695.0,51962.0,51566.0,740985.0
