pickup_taxizone_id,0,1,2,3,4,5,6,7,8,9,10,11,12,13,14,15,16,17,18,19,20,21,22,23,total
1.0,8796.85,7498.64,9385.11,20562.32,48633.600000000006,64233.08000000001,85690.58,79557.58,75206.06,74511.25,73592.43,84650.83,117022.77000000002,140495.35000000003,174222.24,177609.19,182632.17,140493.17,120342.54,107103.41,62302.00000000001,27420.39,17978.39,11383.84,1911323.79
2.0,406.0,87.0,18.5,11.5,61.0,323.55,196.5,67.0,317.7,392.0,411.2,441.7,521.2,551.0,1097.5,932.0,727.2,646.0,427.2,662.0,598.7,533.0,534.9,441.2,10405.55
3.0,1292.8500000000001,964.47,1175.1,2732.4700000000003,2612.78,2671.8100000000004,8203.61,11620.12,8719.36,6117.450000000001,4830.13,4418.57,5397.25,6162.63,5894.78,5210.85,4396.050000000001,4053.2700000000004,3332.92,2961.01,2786.2599999999998,2496.5199999999995,1940.0599999999997,2314.87,102305.19
4.0,527888.37,503419.4200000001,398880.89,278573.4,195806.17,128392.54999999999,192106.61000000002,282247.61,424889.39999999997,388572.01,304126.37000000005,268414.27999999997,252394.17999999996,254895.94,259369.58,249958.11000000002,213702.31999999998,264832.97,318246.31,328290.14999999997,333954.86000000004,389062.61,452103.91000000003,511966.7200000001,7722094.74
5.0,1158.1,358.5,326.51,488.45,140.0,602.95,1355.0,1604.51,3555.8199999999997,4554.33,3388.0,1840.0,1246.5,463.5,718.5,1642.21,3075.0,1908.8,1181.9,1166.4099999999999,1553.42,1558.5,1679.52,868.5899999999999,36435.020000000004
6.0,823.0,997.5,323.5,591.21,1478.9099999999999,1249.0,247.0,509.0,1176.53,501.5,1146.28,830.0,1220.0,908.04,1437.69,438.79999999999995,1707.1000000000001,952.7,517.3,886.19,1462.57,1199.3600000000001,763.5,351.51,21718.19
7.0,267107.54000000004,267211.04000000004,233816.12,215204.09,291059.24,257159.14,366789.77999999997,426420.64999999997,369036.07,269942.08,221319.04,196336.86000000002,190311.25,205609.27000000002,206545.16999999998,185756.69,163587.65000000002,158868.76,151157.68999999997,136412.04,142356.56,164953.29,194997.67,218285.8,5500243.49
8.0,4189.5,1747.5,929.5,509.0,743.5,2902.21,5290.0,4075.7,5790.0,5915.2,4459.9,4164.85,6265.8,4901.9,6703.21,5764.6900000000005,10093.02,6191.4,4383.82,4675.88,5314.2,6274.2,6130.2,4048.5,111463.68
9.0,1331.6000000000001,1139.07,2308.3199999999997,692.0,933.9399999999999,1147.29,2150.65,1935.4499999999998,4465.11,5869.950000000001,3691.56,3224.7999999999997,2628.1400000000003,3811.8900000000003,4296.45,2839.22,2826.05,1357.98,3483.64,4477.65,1387.25,851.5400000000001,3696.7900000000004,3241.63,63787.97
10.0,90381.44,47774.340000000004,19186.9,10879.78,15332.960000000003,69907.3,189776.97,217744.87999999995,185272.86000000002,128513.93999999999,137082.78999999998,100134.21,135168.09999999998,224677.04,339570.53,361435.89,654637.28,329014.74,247834.38,200899.84999999998,206273.25000000003,197156.57,153546.84,126535.73999999999,4388738.58
11.0,1991.06,1333.5,1748.3,2008.75,2127.5499999999997,2582.87,3030.2000000000003,12079.37,9729.52,6368.05,3752.3100000000004,4449.96,4252.77,5542.4800000000005,6407.0,7434.99,9622.619999999999,4344.58,3339.48,3436.87,4105.709999999999,3292.82,2605.1400000000003,1787.5,107373.4
12.0,35193.68,19263.38,9647.5,4980.5,3890.5,6040.45,9891.81,15793.75,34711.91,51492.36,79571.81,150635.6,215752.86999999997,262576.5,305383.38,299191.67,239715.19000000003,177283.18,128317.12999999999,82385.41,74499.25,76742.15000000001,63315.270000000004,51422.91999999999,2397698.17
13.0,625966.9099999999,287081.02,139433.66999999998,92472.11,212240.15000000002,399470.14999999997,979833.2499999999,1936962.8599999996,2642107.11,2359549.4699999997,2151222.96,2707026.3200000003,2745058.53,2875900.81,2994116.1300000004,2845621.3899999997,2468536.46,2664352.83,2807655.57,2573735.3800000004,2381836.8,2176970.48,1757113.5000000002,1095881.49,43920145.35
14.0,14216.48,13574.2,10633.68,10842.760000000002,12151.39,7627.0,15277.54,26181.229999999996,35910.060000000005,25360.129999999997,25581.08,29189.23,39774.7,36677.380000000005,36560.899999999994,31223.010000000002,28250.150000000005,30089.590000000004,25013.18,20384.85,20487.64,18038.840000000004,17210.4,18007.4,548262.8200000001
15.0,554.3499999999999,1066.46,663.99,616.5,374.3,808.3899999999999,4486.639999999999,6855.9,7206.37,7898.700000000001,7139.579999999999,6914.109999999999,5162.619999999999,6311.799999999999,4354.0199999999995,4525.599999999999,5525.76,2968.71,2132.21,1974.1399999999999,2028.73,1841.7199999999998,2031.1899999999998,1003.04,84444.82999999999
16.0,3472.3600000000006,1873.17,2916.18,2543.1,2311.1000000000004,2292.54,6054.8099999999995,6836.84,6160.88,6556.450000000001,8002.77,7430.449999999999,6252.66,7717.780000000001,6920.63,12966.99,7640.25,6054.9800000000005,4407.370000000001,3334.92,4819.289999999999,4050.5899999999997,3440.24,3589.3599999999997,127645.71
17.0,70633.81,57283.73,42431.29,36888.51,38103.59,23778.940000000002,28043.28,31512.149999999998,31821.370000000003,29147.12,25964.149999999998,24472.460000000003,24978.78,30945.66,31189.300000000003,28854.89,22320.659999999996,24749.179999999997,31530.120000000003,34485.95,38624.25,47573.44,61728.979999999996,70517.0,887578.61
18.0,3665.35,3047.67,2545.6600000000003,2721.85,3395.8100000000004,4607.6900000000005,15654.230000000001,11252.550000000001,8191.800000000001,6772.500000000002,5853.37,5129.320000000001,4778.91,6090.380000000001,6902.96,6332.38,4651.07,5995.58,5968.919999999999,4705.34,5035.83,5565.54,3891.4199999999996,3466.64,136222.77
19.0,3251.0299999999997,2794.9,1663.8,1278.2,1451.13,7479.489999999999,4530.139999999999,4802.2,13766.24,7502.830000000001,6081.610000000001,5035.93,6206.460000000001,6544.4,7906.65,8696.740000000002,7510.83,3811.6,3852.4,4301.8,3621.3300000000004,1584.8799999999999,2899.97,3948.37,120522.93
20.0,3006.94,1521.95,1514.33,1283.04,1880.31,4264.82,3936.09,3235.1900000000005,3708.52,3277.42,3511.6000000000004,3404.8700000000003,4592.950000000001,5163.4,4651.2699999999995,3879.0199999999995,5921.030000000001,5437.43,3685.5699999999997,3050.08,3183.64,2655.55,2926.24,2537.58,82228.84
21.0,2421.43,1532.01,2993.34,1637.18,2458.5099999999998,2378.5299999999997,17338.910000000003,20641.41,16680.25,12243.82,8056.779999999999,7263.46,7302.46,8649.220000000001,7461.08,6795.59,6715.2699999999995,5638.39,4668.459999999999,2989.36,2255.14,2850.63,1789.41,2170.2200000000003,154930.86000000002
22.0,3351.05,3991.5099999999998,19286.66,2399.0,3017.5199999999995,7666.88,13311.570000000002,19973.9,15130.919999999998,12838.88,11497.78,10788.41,14518.830000000002,14573.609999999999,10807.689999999999,11208.26,15996.269999999999,10196.560000000001,5767.31,5305.24,5728.9800000000005,4505.900000000001,4499.709999999999,4493.7,230856.14
23.0,1595.6000000000001,1540.58,603.5,1023.59,2290.01,499.81,662.0799999999999,1006.1299999999999,870.6,2448.99,5218.97,6162.07,13641.3,10946.32,3145.82,1325.0,2467.49,1049.0,2179.7,1464.9899999999998,1069.04,1073.06,1269.79,2050.46,65603.9
24.0,223112.81,152887.97999999998,109200.47,84154.19000000002,99447.09,162242.89,344001.6,673185.6900000001,1110743.8,640527.63,574957.0099999999,531037.7,518476.4199999999,517070.13999999996,536499.6599999999,522273.56999999995,465717.38,549271.96,562002.74,488487.61,390591.80999999994,380651.54000000004,347845.55,288902.26,10273289.5
25.0,225358.93,142182.14,85775.25,64130.38,74845.09,96748.87000000001,211119.47,209695.09999999998,184998.57,147616.12000000002,122619.65,126642.51999999999,148481.06000000003,151075.67,166989.19,172426.31999999998,190051.59999999998,219642.85,225061.87000000002,208230.97,194599.44,205058.87000000002,250732.79,263091.42,4087174.14
26.0,4059.7400000000002,2987.04,4499.700000000001,2864.81,2851.48,4838.52,6991.050000000001,22439.160000000003,19441.15,21104.540000000005,15994.05,15764.179999999998,17415.14,18040.28,18890.239999999998,19628.739999999998,23448.67,17427.28,14145.939999999999,9609.49,7839.66,8699.900000000001,6874.36,8669.74,294524.86
27.0,275.72,319.0,162.5,21.5,133.0,104.59,153.04000000000002,423.85,176.55,223.69,482.32,624.53,351.63,508.43000000000006,589.14,435.58000000000004,542.11,886.4399999999999,773.9000000000001,533.97,791.3199999999999,590.85,236.2,363.96,9703.82
28.0,35220.020000000004,22235.489999999998,11859.650000000001,7610.64,8322.71,934890.9800000001,53500.22,79349.81,47566.82,38998.33,44017.30000000001,42743.53,45760.63,51636.69000000001,53113.869999999995,55307.25,119182.93999999999,48617.12000000001,40405.93000000001,49078.96,50466.41,54723.149999999994,48930.31,44711.91,1988250.6700000004
29.0,3758.14,2704.1,1932.5,1966.81,1105.0,2125.1,3638.2,9488.91,13675.419999999998,7238.919999999999,7527.589999999999,7465.16,7611.869999999999,8345.52,8936.17,9598.509999999998,9675.8,6616.070000000001,6104.2,4150.97,3557.6500000000005,3166.85,2508.58,3014.14,135912.18
30.0,120.8,56.5,124.5,90.5,101.0,,118.92,141.03,,85.23,343.7,313.17999999999995,493.89,381.49,390.2,287.71000000000004,390.62,538.49,495.59999999999997,394.11,215.39999999999998,118.9,394.2,264.9,5860.87
31.0,946.9499999999999,546.45,485.9,507.09,249.5,764.9,1032.26,1663.8100000000002,1099.53,1424.6899999999998,1480.2,2311.44,2081.8199999999997,3522.33,4012.44,4067.5200000000004,3608.56,4261.79,1963.8300000000002,863.58,984.23,1780.27,1273.77,864.1999999999999,41797.06
32.0,1618.32,1679.84,809.0,657.75,1997.0,4683.320000000001,19154.85,16506.71,10386.74,12082.449999999999,7139.16,5697.48,5855.15,5836.610000000001,7345.53,6962.460000000001,5517.91,6006.49,4158.749999999999,4251.5599999999995,3149.68,2736.98,2593.66,3209.6,140037.0
33.0,125153.06999999999,66060.23,34404.92,21986.0,30314.99,104805.73,357321.18999999994,485441.23,547110.38,283223.94,188039.94,171352.45,205670.33000000002,205898.17,203056.21,200400.84999999998,182666.28999999998,224633.25999999998,261750.22000000003,222673.49,205669.11999999997,218892.54000000004,232734.92999999996,190394.19,4969653.67
34.0,3769.3,2175.6,2061.7,910.11,1034.0,549.0,1376.28,1594.4299999999998,3102.7999999999997,3599.8,3398.8099999999995,4105.15,5250.9400000000005,6207.66,6180.34,6202.67,6223.65,9359.27,9909.509999999998,6805.08,5736.7300000000005,5056.8,6048.16,4511.59,105169.38
35.0,6838.7,7465.02,5409.36,3354.35,7018.12,13938.539999999997,32846.75,42179.030000000006,48142.42,37804.79,25690.130000000005,18291.5,18878.88,20056.95,17492.11,15950.45,10952.74,10105.439999999999,12776.92,12454.45,11034.21,15076.03,15130.64,8618.210000000001,417505.74
36.0,55925.02,64753.73999999999,64028.64000000001,61080.100000000006,55701.19,19217.84,11028.890000000001,11551.87,9991.32,7570.34,7253.260000000001,7763.64,8311.56,9621.09,9225.59,7974.530000000001,6494.120000000001,6669.59,10103.949999999999,12008.050000000001,11337.35,15571.73,22695.96,39100.04,534979.41
37.0,92234.21999999999,93184.01000000001,79705.94,70582.72,68676.45,32470.04,29387.120000000003,32665.11,32003.12,27616.07,24102.35,20481.81,19329.71,22846.610000000004,25130.719999999998,21462.08,18886.92,20041.53,24875.88,28753.989999999998,28462.53,37113.86,50876.96000000001,71703.64,972593.3900000001
38.0,1427.1799999999998,1005.0300000000001,690.4,1902.6599999999999,8593.44,11212.99,12633.68,9743.82,13208.04,12380.66,9088.35,6915.68,8180.999999999999,6984.3,7278.78,6366.4,4579.62,4802.839999999999,2732.05,3838.2999999999997,3914.68,3988.6200000000003,2594.79,2160.9900000000002,146224.3
39.0,5720.469999999999,4747.549999999999,4774.24,4950.959999999999,9695.779999999999,27327.280000000002,55183.86,66333.40999999999,47043.53999999999,42110.130000000005,33860.82,21424.61,25324.23,26768.94,23188.61,18610.800000000003,15105.77,15536.240000000002,14732.24,13091.28,12343.45,12683.980000000001,14816.529999999999,9404.12,524778.84
40.0,71529.26,39763.21000000001,25852.37,17143.0,23613.57,63848.64,185109.90999999997,270330.99,336281.49,173009.31999999998,86791.16,68692.15,57559.22,53588.7,51179.57,51426.310000000005,50791.029999999984,74412.68999999999,82515.42,77141.46,60888.42999999999,71499.71,87485.31,91397.77,2171850.69
41.0,365523.62999999995,259628.64,179078.98000000004,143372.29,173289.95,264590.73,481151.68,848798.6100000001,819619.3200000001,591545.01,494006.64,488288.88,543063.84,582239.56,612931.6799999999,572682.48,528385.88,707249.54,679191.25,562378.19,504138.23999999993,515133.79,521059.0199999999,467047.95,11904395.780000001
42.0,183914.29000000004,142666.67,103999.52,85287.11000000002,107354.93999999999,157248.36000000002,312306.76999999996,497852.86,442842.19000000006,282128.18,206215.31999999998,198791.59999999998,230641.68,250535.27,247038.06,239960.40000000002,244075.24,320771.66,284252.27,222247.74,210575.89999999997,212743.41999999998,216786.66,221762.03,5621998.140000001
43.0,496964.94999999995,227561.57,108258.83000000002,82421.03,161808.32,335776.15,664399.8799999999,1475739.71,2059212.03,2199099.6100000003,2388433.74,2874649.5399999996,3500412.8000000003,3703290.61,4173569.19,4374167.12,3897385.6999999997,3920252.3499999996,3176297.5,2586149.82,2134544.8800000004,1743102.8000000003,1481188.43,964844.59,48729531.15
44.0,429.5,17.5,416.75,235.5,145.0,237.5,182.0,,508.0,3217.0,2838.98,4383.0,4065.0,1939.49,624.01,504.0,101.0,156.0,48.5,193.0,291.0,166.5,296.0,160.0,21155.23
45.0,416926.63,1053674.9300000002,209678.67,126737.21999999999,88570.61,57452.96,85055.09,129354.78,201612.76000000004,315750.30000000005,396687.18999999994,478979.60000000003,547635.18,545811.1699999999,579917.56,612834.1799999999,606837.17,586849.2300000002,538979.76,504322.1699999999,502924.8,516907.49000000005,507098.17,452128.8999999999,10062726.52
46.0,761.65,548.03,281.0,260.5,359.58,183.88,225.61999999999998,603.6,403.26,799.71,189.66,317.78,377.9,977.8100000000001,1776.9,2610.13,2055.05,2213.5600000000004,2280.8699999999994,2317.3599999999997,1777.9,3035.8,2245.4300000000003,785.85,27388.83
47.0,3290.98,2946.03,2093.5299999999997,3341.97,3236.17,4202.53,9154.490000000002,17539.76,10405.72,9886.67,6715.9,5170.219999999999,5939.849999999999,7056.7,8307.85,8264.57,5758.9400000000005,6975.25,6657.460000000001,4321.7,4840.15,4709.389999999999,5257.59,3237.7900000000004,149311.21
48.0,5158792.760000001,3734151.5,2725072.2500000005,2307157.6299999994,2305123.48,2026618.95,3422221.34,4164682.1199999996,4479703.7700000005,4748430.67,4558220.95,4496292.1899999995,4461410.29,4285148.5,4339100.460000001,4271557.51,4233309.21,4869651.91,5792348.0,5712757.51,5649973.54,6771842.36,7954575.95,6706738.390000001,109174881.24000001
49.0,90146.62,63313.00000000001,43949.09,33306.24,31602.89,20495.76,42024.850000000006,47653.380000000005,66820.78,56691.61,37978.01,35222.03,39926.78,43633.43,43417.50000000001,39286.19,37697.670000000006,43212.369999999995,51407.12,53280.33,56132.909999999996,66479.78,87665.33999999998,102711.01999999999,1234054.7000000002
50.0,1072587.1400000001,769725.37,612565.49,524690.55,464291.64,373922.70999999996,654681.47,1346942.4400000002,2044277.1000000003,2200080.2299999995,1970435.0799999998,1722601.33,1653728.9899999998,1623234.6400000001,1697160.34,1525143.8,1455893.8299999998,1557277.9200000002,1681113.7000000002,1553501.79,1364492.04,1475955.7,1575838.4400000002,1469884.26,32390026.0
51.0,4120.89,2407.61,1688.09,2022.0599999999995,8617.94,23048.610000000004,42655.64000000001,45086.48,40965.15000000001,28027.379999999997,20795.590000000004,15020.08,15055.79,14656.13,13313.640000000001,13617.24,12580.099999999999,12655.1,13496.029999999999,10999.05,8892.01,6783.47,5785.41,4556.7699999999995,366846.26
52.0,40522.799999999996,19158.99,9159.11,7089.900000000001,12917.970000000001,68496.78,206667.33000000002,360148.76,411922.71,197153.33000000002,112937.31999999999,83274.83,80805.87,74797.77,76960.94000000002,66432.68000000001,58265.68,81429.11,98523.41,82417.37000000001,65932.43000000001,68980.26,78430.88,63985.340000000004,2426411.5700000003
53.0,3196.4500000000003,1621.4499999999998,1276.5,870.8,1286.3899999999999,15759.230000000001,7093.7,3138.5299999999997,6150.08,5153.55,5326.86,4722.51,4583.66,5870.1900000000005,6237.63,5132.550000000001,5702.6,3416.83,2886.88,2350.32,2805.99,2243.78,4966.78,3401.5299999999997,105194.79000000001
54.0,6369.469999999999,3659.6,2314.8,1463.1,1632.12,3327.7,15327.26,24108.03,19968.670000000002,8769.08,6592.740000000001,5071.69,5409.769999999999,5114.33,5203.410000000001,4856.96,6545.610000000001,8222.77,9173.82,8648.090000000002,7818.450000000001,8072.910000000001,9832.99,9113.6,186616.97
55.0,3596.2400000000002,2925.83,2266.52,2832.04,2736.2200000000003,5516.099999999999,17255.57,16095.700000000003,16379.830000000002,16970.38,16337.339999999998,13829.43,11696.730000000001,15320.099999999999,13313.119999999999,11040.48,10734.29,8332.79,8042.17,7807.49,6296.59,4194.04,5358.389999999999,5225.749999999999,224103.14
56.0,16749.03,11414.210000000001,6266.33,6022.679999999999,9987.91,16151.43,30775.659999999996,34772.630000000005,34760.22,29470.489999999998,23328.67,20420.559999999998,21858.62,25688.65,25893.4,25621.230000000003,60842.579999999994,24135.21,20772.8,20274.370000000003,22628.05,21848.229999999996,22701.03,20082.96,552466.95
57.0,1574.42,992.5,822.0,821.4300000000001,1273.47,595.9,853.4200000000001,938.18,774.31,1180.5600000000002,1258.3799999999999,1297.66,901.5,859.4,688.1100000000001,785.19,1055.0,1466.3,1038.7,1132.38,756.5,1635.95,1355.54,1313.46,25370.26
58.0,513.3,192.5,547.01,314.0,51.0,238.70999999999998,1272.4,1653.28,1000.6500000000001,734.8799999999999,1120.3500000000001,956.59,783.59,485.56000000000006,301.5,441.03000000000003,734.2,370.2,236.04000000000002,563.9,368.6,489.06,330.5,341.5,14040.35
59.0,156.66000000000003,106.0,100.5,63.97,128.5,419.13,745.26,941.62,693.9200000000001,371.35,710.5,320.0,702.76,307.34,411.89,192.5,371.73,204.17000000000002,119.2,510.60999999999996,233.97,104.0,161.73,90.45,8167.76
60.0,2235.9900000000002,1936.38,1758.04,1913.9,1663.38,2356.54,6101.319999999999,6276.74,5620.5599999999995,5401.5,3854.8999999999996,3867.71,3667.49,5157.56,5100.07,4369.23,3755.17,3594.1499999999996,3593.3199999999997,2965.8799999999997,3720.9399999999996,3845.04,3904.88,2871.02,89531.70999999999
61.0,61633.19000000001,57832.75,41028.75,33794.67,35086.59,35734.06,66836.04,77304.78,67308.28,58676.48,44029.530000000006,39568.270000000004,41037.02999999999,52651.91999999999,46642.02000000001,41265.479999999996,43600.46000000001,38076.130000000005,41185.38,42809.22,41848.46000000001,47968.75000000001,54274.97000000001,64257.049999999996,1174450.26
62.0,13105.52,11771.8,7699.080000000001,6259.400000000001,14023.67,8178.9400000000005,16303.759999999998,25240.239999999998,25240.13,18405.99,14496.12,13679.41,14336.800000000001,14562.519999999999,13994.51,13667.54,11345.68,10599.23,10618.269999999999,10371.11,11509.24,13829.41,13429.42,16983.69,329651.48
63.0,2384.04,3044.49,2459.1499999999996,2023.06,4545.24,6619.91,9503.34,16004.35,14022.49,12993.150000000001,10005.37,10557.119999999999,7530.24,7123.98,8733.62,10264.79,14195.289999999999,6065.0199999999995,6737.06,6271.61,4908.459999999999,4742.31,4362.89,4038.19,179135.16999999998
64.0,1807.05,1419.3999999999999,1107.72,656.01,998.28,1421.65,2722.87,4021.1800000000003,4364.030000000001,4371.96,4846.45,4243.179999999999,4623.24,3823.5499999999997,5646.16,4826.89,4329.94,4489.830000000001,2509.27,2631.68,2610.3500000000004,2938.7500000000005,3646.17,1320.06,75375.66999999998
65.0,218478.43000000002,141822.72,84704.32000000002,62927.590000000004,75372.07999999999,111481.79,258610.08,337436.15,380900.62,285720.44,233769.47,247503.47999999998,278143.19,283827.19,284367.92,295876.30000000005,300988.54,376030.06,384640.58999999997,305584.7,263729.19,266184.17,283464.62000000005,290108.21,6051671.85
66.0,63167.33,30130.1,17973.550000000003,11532.13,11442.349999999999,25544.66,90984.8,138162.90000000002,140615.9,91751.68000000001,64788.63,75213.07999999999,102979.42,123653.36000000002,133496.96000000002,117520.58999999998,101428.56,135815.09,182309.79,147608.00999999998,136519.01,131849.15000000002,141910.52,108795.11,2325192.6799999997
67.0,2311.36,2088.89,1528.5,1618.2,2135.9,1977.16,4501.139999999999,6571.259999999999,6886.7,4706.03,5035.86,4679.820000000001,5981.1,5066.85,4738.549999999999,5302.360000000001,4810.78,5738.35,6263.1900000000005,4794.1,5553.16,4883.5199999999995,3467.9599999999996,2835.5600000000004,103476.29999999999
68.0,3269597.42,2639458.7800000007,2368487.3400000003,2078044.21,1501144.68,876233.8,1491297.8,2110745.52,2853954.0399999996,3337353.5800000005,3416307.22,3639211.51,4024471.14,4137914.31,4274178.13,4185514.3899999997,3879021.6199999996,4248120.010000001,4965949.99,4804948.8,4498591.63,4819231.67,5239984.23,4140622.41,82800384.22999999
69.0,11075.509999999998,8443.43,6217.65,6034.379999999999,11476.910000000002,13257.2,26494.73,37841.770000000004,28586.18,21724.77,18172.03,15119.949999999997,16721.13,15480.819999999998,16932.83,18786.98,16714.89,19184.960000000003,14094.53,12085.810000000001,11759.100000000002,11545.18,12585.090000000002,12130.47,382466.30000000005
70.0,34753.44,18359.59,9568.029999999999,7596.720000000001,15852.920000000002,38853.66,49098.66,78688.01000000001,78231.53000000001,87471.25,75513.01000000001,78360.96,79055.26999999999,74403.35,86933.75,82330.17,86281.81,85324.84,75897.02,65371.649999999994,64112.920000000006,59463.13,51718.25,45045.189999999995,1428285.1300000001
71.0,6194.0,4315.01,2997.73,3876.1200000000003,7071.25,16082.22,26212.729999999996,30914.010000000002,23749.41,20325.33,14645.410000000002,12348.52,12846.87,12191.21,13825.79,9912.300000000001,10815.310000000001,17092.140000000003,16375.55,7198.780000000001,7896.88,13855.800000000001,12611.940000000002,10288.269999999999,313642.58
72.0,4881.42,4644.610000000001,2886.64,2208.63,2847.56,15609.24,31527.179999999997,43843.89,38011.26,24932.98,18344.620000000003,14554.069999999998,15700.149999999998,14487.3,12622.689999999999,11447.730000000001,10335.630000000001,7381.22,8829.7,9132.21,7925.030000000001,10598.29,9694.100000000002,6460.55,328906.7
73.0,954.81,525.6,600.55,694.3000000000001,1613.65,922.16,1352.62,1442.3600000000001,1827.96,2046.79,2241.8399999999997,1729.0700000000002,1905.08,1952.01,2133.0,1804.87,1555.8899999999999,1134.32,682.6600000000001,1136.4299999999998,780.51,591.66,738.49,390.8,30757.43
74.0,381367.18,270514.17,199213.69999999998,172851.83,229553.1,307922.45,558773.08,898820.6199999999,837629.8300000001,607293.25,500471.69,498566.83999999997,537079.95,584867.9299999999,627131.4299999999,634705.21,642980.68,723906.11,700334.74,561033.7400000001,504996.32000000007,475543.19000000006,485990.63999999996,464023.9599999999,12405571.639999999
75.0,435991.06,284531.41,197809.93,167923.46,255333.43,488455.33,855108.8500000001,1440303.23,1568448.9300000002,1266720.1200000003,1178099.4400000002,1241307.5500000003,1281644.1400000001,1299514.4100000001,1405654.35,1401157.4800000002,1211811.8800000004,1330041.9700000002,1217534.19,1036114.96,831049.66,722494.37,677050.61,599746.64,22393847.400000002
76.0,12386.27,10518.960000000001,7322.99,8571.96,11363.710000000001,38390.24,69933.87999999999,85709.01999999997,70563.24999999999,67413.09999999998,48972.04,36118.92999999999,39997.630000000005,44058.24,42216.21,35311.29,37307.71000000001,25735.690000000002,25534.81,23518.58,21045.899999999994,23322.160000000003,20276.41,14663.439999999999,820252.4199999999
77.0,4828.92,2742.47,1876.3899999999999,2738.33,2544.56,5898.450000000001,16694.91,16152.68,15253.07,16508.910000000003,12633.689999999999,10570.86,7832.7300000000005,9574.68,7042.049999999999,6374.989999999999,5264.099999999999,4766.88,4004.6499999999996,4304.49,4435.12,5811.82,5809.0599999999995,3411.8,177075.61
78.0,2982.86,3548.4900000000002,1866.79,3092.84,3432.54,9693.939999999999,11426.48,16720.3,14295.92,10933.619999999999,6823.1500000000015,7053.77,7138.63,6245.529999999999,6705.65,9746.49,8561.35,11208.95,6709.549999999999,6473.04,5679.1,4548.8,4831.15,3303.03,173021.96999999997
79.0,6801049.23,6150230.650000001,5031303.840000001,3793232.75,2515452.54,1251504.94,1622919.66,2172422.4499999997,2641062.8899999997,2891256.7900000005,2513532.5200000005,2429403.0800000005,2611526.8200000008,2865311.09,3021476.17,3022517.47,2808281.93,3225296.3000000007,4010888.0200000005,4555389.9799999995,5199222.3100000005,6544307.55,7477479.0600000005,7353402.5,92508470.54
80.0,226663.46,193602.33,162292.12,142326.87,129181.61,52457.75,36551.81,29569.660000000003,32171.019999999997,26947.58,24995.23,27914.48,32338.630000000005,35144.159999999996,37154.72,33556.13,39318.18000000001,35425.51,47473.01,55911.37000000001,64211.86999999999,83486.34999999999,131642.88999999998,215381.83,1895718.5699999998
81.0,2351.3500000000004,1706.0700000000002,965.29,1621.6499999999999,2123.98,9512.46,13928.310000000001,18700.71,13245.18,9183.960000000001,8377.41,5259.33,5037.72,6791.38,5626.17,5906.2300000000005,7112.330000000001,6108.85,5910.98,5085.5199999999995,5018.07,6500.33,5092.15,2811.25,153976.68000000002
82.0,60707.79000000001,69049.37,56782.93,56346.77,79688.26,73282.55,109318.51999999999,113707.2,87606.26000000001,69748.2,59079.41,53862.44,48972.96000000001,58402.2,59743.17,59486.94,107674.12,49189.979999999996,45921.14,41901.95,44043.9,58544.8,48582.07,52983.82,1564626.75
83.0,21921.600000000002,21741.100000000002,20766.14,18344.32,25853.989999999998,32477.359999999997,39230.88,30772.17,25709.39,22848.160000000003,16739.34,16917.58,17474.74,16133.119999999999,18686.15,19605.59,26008.429999999997,17885.68,14120.28,12645.010000000002,10790.99,13571.51,12971.01,15365.03,488579.57
84.0,275.0,390.0,351.0,488.5,382.51,192.07999999999998,165.0,376.5,357.5,430.5,325.0,177.4,308.0,173.01,342.5,216.5,155.5,281.5,43.0,102.5,463.88,173.0,514.8,266.03,6951.209999999999
85.0,7201.349999999999,6847.93,5094.929999999999,4174.9400000000005,5711.73,12718.15,27647.27,28311.220000000005,22108.999999999996,11875.82,9843.439999999999,9775.989999999998,8714.31,9399.16,9666.689999999999,8415.37,6713.22,7372.099999999999,5959.1,5235.15,7118.28,7558.070000000001,9374.230000000001,8792.02,245629.47
86.0,2811.1899999999996,1437.08,665.8399999999999,403.01,1085.6100000000001,8345.66,22388.4,14946.38,13496.539999999997,8677.1,9545.869999999999,7092.74,5005.54,7937.65,6276.120000000001,7041.849999999999,5245.15,5791.86,5596.530000000001,4173.049999999999,5872.78,4264.0199999999995,3214.8900000000003,2321.62,153636.48
87.0,1150808.34,652201.26,369534.83999999997,243340.42000000004,332160.49000000005,520521.92,998777.3899999999,1254719.6099999996,1684605.7799999998,1582787.71,1573343.44,1778509.97,1945887.7299999997,2061511.3399999999,2170674.8200000003,2163320.73,2105339.92,2518106.849999999,2672610.7799999993,2363912.95,2282316.33,2220390.7099999995,2096861.93,1631401.63,38373646.89
88.0,683333.74,440454.00999999995,261676.49000000005,159565.05,129026.92000000001,154872.89,290833.83,381367.01,569726.4700000001,592672.15,703150.35,952119.28,1146012.2899999998,1249764.1099999999,1407758.9500000002,1440072.28,1375306.32,1590861.0799999998,1609943.4300000002,1394382.02,1302055.1400000001,1284798.22,1150522.56,943096.05,21213370.64
89.0,23784.1,21554.95,15909.93,13178.650000000001,22316.739999999998,33022.59,61243.65,79613.74999999997,66377.87,48451.420000000006,36727.280000000006,30444.18,29162.940000000002,32451.770000000004,33452.07000000001,29269.260000000002,25966.410000000003,25554.58,21644.98,19384.940000000002,21189.42,23296.48,28156.54,27485.26,769639.76
90.0,2103279.3299999996,1585297.16,1218275.68,944569.4500000001,848456.2999999999,788751.13,1151046.59,1695568.87,2116539.94,2368657.17,2339306.35,2936605.1699999995,2755576.45,2872899.65,3035867.1999999997,3050312.4099999997,2808240.96,3118990.59,3577775.66,4122603.7600000002,3354560.559999999,3384423.68,3181908.66,2740891.09,58100403.81
91.0,4471.8099999999995,4295.72,2957.5700000000006,3379.57,8224.06,13085.93,31732.51,59428.67,42605.659999999996,28335.160000000003,22264.21,19796.140000000003,19037.77,18091.83,16419.440000000002,12676.54,12422.72,13789.34,10360.17,7617.34,8072.17,7888.19,5502.83,6582.549999999999,379037.9
92.0,11052.14,8656.8,6086.74,5665.06,7011.8499999999985,10784.759999999998,22010.82,21855.79,29812.559999999998,27827.92,19272.06,20177.93,19018.61,21231.14,22238.79,25501.82,19829.31,16993.2,13774.969999999998,12244.51,12050.050000000001,11924.28,12373.08,9843.37,387237.56000000006
93.0,105508.63999999998,49877.64,20093.21,9222.79,11190.4,57101.85,93773.2,88415.62,87926.6,77865.53,83627.86,94939.52,105281.01000000001,119140.88,119802.25,124697.59000000001,313973.20999999996,125150.05,112259.48,118316.51000000001,119560.13,142532.88999999998,133924.03000000003,130472.6,2444653.49
94.0,1993.9,1896.17,1678.03,1802.21,2188.1600000000003,4093.24,2409.7,7729.689999999999,4884.36,3480.91,3374.71,3101.75,3116.28,2828.29,3634.66,2932.09,3520.6400000000003,2910.3799999999997,3020.69,2224.96,2783.8900000000003,2786.45,1887.03,1802.15,72080.34
95.0,24076.95,23322.839999999997,15837.38,10302.279999999999,11457.029999999997,48461.82,77969.25,113373.1,77453.58,49198.2,41295.740000000005,37996.909999999996,37121.26,42078.83,44052.65,43029.219999999994,63662.060000000005,29603.179999999997,24758.51,22717.679999999997,21000.129999999997,17907.489999999998,26325.949999999997,23579.519999999997,926581.5599999999
96.0,485.1,479.9,598.8,453.0,526.7,638.69,1251.02,1223.93,1388.2899999999997,1588.3100000000002,1306.3,1314.56,1340.96,1747.7599999999998,1798.54,1521.31,2229.22,1808.66,1483.65,1326.4,1343.65,2275.04,2100.09,1213.5,31443.379999999997
97.0,258343.07,159725.61999999997,89011.62,63346.149999999994,60079.450000000004,61058.350000000006,123194.03,133731.39,165555.57,139210.54,94984.11000000002,90960.6,103265.09999999999,121597.5,127733.91,126192.17000000001,122236.76,137907.87,170323.91,180112.95,189300.16999999998,241785.41,315646.55000000005,362070.3,3637373.1
98.0,1925.1700000000003,1340.2,742.5,1023.41,1437.57,1864.27,7130.4400000000005,18994.0,10511.18,6523.79,4801.0199999999995,3547.21,4422.93,3817.94,5980.799999999999,2935.45,3201.66,4118.35,2577.5,2395.1299999999997,1921.11,2337.59,1506.53,2195.84,97251.59
99.0,180.21,88.0,142.21,78.5,,,,107.0,254.0,0.0,2.5,294.0,96.5,7.0,70.0,164.0,328.4,463.6,20.0,132.0,263.5,3.0,109.86,83.5,2887.78
100.0,2353175.97,1597965.56,1055180.9100000001,765730.18,782087.75,1276443.59,2681993.72,2991327.1100000003,3023911.4299999997,3320523.0499999993,3477018.39,3740572.7600000002,3869534.3,3829924.1100000003,4002910.38,3834642.3,3456648.35,3583964.03,4472452.859999999,4008627.8,3785696.25,3700273.7,3643274.1399999997,3104445.47,72358324.11
101.0,1794.5,1055.15,729.63,728.8,12924.7,4453.64,5512.44,5708.200000000001,11034.619999999999,10104.69,9228.49,6884.44,8018.26,8863.900000000001,8595.26,8445.16,7591.210000000001,6035.7,6181.51,4654.85,3949.93,2510.0400000000004,2856.16,2284.36,140145.64
102.0,1940.33,1762.3,1566.0900000000001,1653.9699999999998,2493.56,5301.96,8422.900000000001,8974.2,5369.4,4623.299999999999,5693.44,4551.92,4132.369999999999,4711.76,4894.83,5665.110000000001,9048.69,5368.9800000000005,3029.75,2926.35,3020.6600000000003,2979.0600000000004,3306.75,3861.9,105299.58
103.0,,,,,,,,,,,,,,,11.5,,,,,,,,,,11.5
104.0,,,,,,,,,,,,,,,,,,,5.0,,,41.0,,25.0,71.0
105.0,217.5,89.0,54.0,22.0,19.5,82.0,75.5,241.02,136.39,254.0,201.0,340.0,289.5,499.5,453.0,321.5,399.0,569.0,635.36,420.5,313.0,294.5,168.5,244.0,6339.27
106.0,50801.04,36635.74999999999,26091.92,21449.31,16679.7,12169.27,17977.41,22476.33,19222.38,21300.259999999995,18452.46,16529.52,16776.07,17618.820000000003,21609.03,23097.309999999998,22085.73,24159.190000000002,25790.22,24611.07,26620.66,34372.280000000006,45331.66,53760.43,615617.8200000001
107.0,2732293.28,1858778.8499999999,1286756.2699999998,899750.5899999999,865826.6400000001,955622.88,1904682.7399999998,2975410.55,3639244.19,3621649.32,3296797.7399999998,3306303.5299999993,3522924.0399999996,3616221.4999999995,3856739.3399999994,3772512.6999999997,3464412.9,4017643.5500000003,4583691.499999999,4692716.74,4301129.43,4475899.99,4490404.760000001,3840263.48,75977676.50999999
108.0,2863.09,4081.1899999999996,1866.01,2819.55,6786.26,4207.59,6998.3,9124.4,7476.44,7401.19,8029.130000000001,6854.549999999999,7008.080000000001,5815.0,4432.44,5380.73,5101.28,4613.9,3562.5199999999995,2842.6299999999997,2013.55,1934.83,2211.33,1600.27,115024.26
109.0,243.5,423.0,397.32,94.0,623.55,145.01,158.0,443.0,493.0,193.5,381.5,122.0,12.5,330.7,122.0,250.5,249.2,548.2,97.0,179.88,483.5,334.76,532.55,1029.0,7887.17
110.0,,27.0,,,,,,5.0,,11.5,,,,35.0,19.0,,,,,18.5,,,14.5,5.5,136.0
111.0,710.0,273.01,265.5,174.5,210.45,60.0,182.51,375.65,497.0,567.0,327.0,183.5,358.0,442.7,399.79,273.0,742.0,330.9,516.2,689.0,374.92,586.0,538.5,916.0,9993.130000000001
112.0,189971.11,142714.32999999996,111308.82,81083.31,62979.5,26860.01,30170.34,23607.42,28676.29,27645.54,28748.85,31248.489999999994,40163.049999999996,41540.95999999999,45132.43000000001,47865.84999999999,43909.34,58921.380000000005,67461.81999999999,77428.86,81960.34999999999,93744.79,135965.58999999997,198710.59,1717819.0199999998
113.0,1787841.78,1099613.88,692899.4499999998,469637.49000000005,441605.88,450247.62,926489.19,1600206.06,2189099.1199999996,2344647.5400000005,2142922.63,2255637.27,2505083.59,2559407.9499999997,2704451.9099999997,2752796.8700000006,2477299.5500000003,2833930.3899999997,3243837.4599999995,3242854.47,3308863.71,3461694.98,3214827.1500000004,2625454.59,51331350.53
114.0,3425202.27,3083354.95,2462810.43,1572629.84,925810.3200000001,365054.77999999997,443429.48000000004,633454.49,903667.7899999999,995185.5299999999,989195.02,1122446.16,1338351.6099999999,1525161.5099999998,1724740.6000000003,1809532.32,1741453.8700000003,2016343.5699999998,2312178.84,2482386.86,2768166.67,3537360.5799999996,3759434.5700000003,3802923.9900000007,45740276.05
115.0,754.5,1004.1700000000001,306.03999999999996,223.0,192.06,359.5,748.3800000000001,877.0100000000001,894.03,647.84,677.61,925.19,671.2,845.0,732.89,809.6,374.7,615.0,770.94,1081.5,1086.28,745.29,796.6500000000001,948.56,17086.940000000002
116.0,172379.18,130543.29999999999,100650.59,78290.00000000001,86373.05,116851.43000000001,240930.77000000002,400165.05,403493.08999999997,261620.15,194166.8,175731.30000000002,177700.11,178581.41,176233.41,180920.42,160940.00000000003,190727.89,209620.17,194050.46000000002,171106.97,176726.09000000003,194527.9,196108.97999999998,4568438.52
117.0,3876.43,3233.07,3529.0699999999997,1647.8,1186.67,6674.5599999999995,9341.7,10119.28,10250.36,8102.700000000001,7369.25,7331.11,6387.18,7346.3099999999995,5894.870000000001,5148.470000000001,6156.72,4937.61,6214.920000000001,5088.18,6314.469999999999,5381.38,4687.330000000001,4402.49,140621.93
118.0,1006.5,1142.01,417.5,577.4,446.5,211.5,208.01,1431.8,2245.26,1987.5,1955.0,1569.5,2048.05,2454.2,2271.6200000000003,1516.29,3095.5,2805.13,1594.45,909.55,820.0899999999999,794.4000000000001,827.71,232.5,32567.97
119.0,7637.59,5528.719999999999,4885.12,5551.879999999999,6246.34,7506.88,11734.2,18214.5,17513.719999999998,12315.84,12577.01,9847.599999999999,12511.430000000002,11277.699999999999,11531.320000000002,12894.16,10970.050000000001,12342.410000000002,10123.869999999999,8412.17,10109.16,13442.720000000001,11917.39,9494.9,254586.68
120.0,2666.73,1623.31,794.71,841.0,1260.5,810.2,1139.96,1286.92,2028.65,1390.97,1624.03,2638.43,1609.1399999999999,2454.56,1747.95,2096.11,3051.2200000000003,2532.0699999999997,1555.3,2309.01,1953.98,2332.78,2182.91,2390.79,44321.229999999996
121.0,2683.2599999999998,1863.3,1838.9699999999998,1485.9,4169.139999999999,6715.360000000001,7862.72,11504.39,16082.39,12128.259999999998,10374.94,9820.97,11943.58,9602.45,10228.18,7853.31,7149.7300000000005,7441.6900000000005,5970.24,3714.7199999999993,3805.1000000000004,3696.7400000000002,3584.21,2685.65,164205.2
122.0,1507.1100000000001,1456.83,1143.53,929.17,2117.05,3671.91,11620.900000000001,13267.300000000001,9447.32,6542.1,4213.89,3693.13,2813.21,5237.08,6114.139999999999,2876.1000000000004,2013.6599999999999,1902.2400000000002,3284.3799999999997,2469.2300000000005,1881.65,1808.4699999999998,2325.74,2658.54,94994.68
123.0,2319.2200000000003,2863.9300000000003,5668.5599999999995,2121.0,2091.8199999999997,2300.2900000000004,8275.07,11324.640000000001,15186.930000000002,12519.97,10045.32,10966.34,12672.63,12420.439999999999,12864.41,12031.7,8916.25,8336.970000000001,5805.8099999999995,3642.9800000000005,2905.7799999999997,3929.91,3131.28,2476.42,174817.66999999998
124.0,5267.79,3477.49,2001.02,1914.71,1370.09,8567.8,19387.28,16490.05,15392.11,15249.640000000001,12283.939999999999,10117.960000000001,17269.16,14758.300000000001,11057.249999999998,14222.35,25191.180000000004,14619.17,9312.359999999999,8386.45,7167.9800000000005,8087.9,7209.66,4838.47,253640.11
125.0,795210.29,647391.49,561293.88,455657.41,325488.60000000003,199041.3,346375.95,547902.4600000001,789129.18,841412.59,940747.84,1063430.97,1077545.58,1071237.6400000001,1122876.13,1042297.4200000002,890573.94,1026141.6400000001,1220871.16,1258028.65,1236902.7,1262875.7400000002,1297302.5200000003,1104735.5999999999,21124470.68
126.0,3401.0899999999997,3178.7000000000003,3746.33,3237.0299999999997,4510.79,3288.46,7010.2300000000005,4926.52,6519.719999999999,6496.51,6089.5,4489.860000000001,6167.139999999999,5837.09,5505.419999999999,6942.240000000001,6013.96,7451.28,5571.65,4409.07,3956.6400000000003,3930.71,3826.6400000000003,3653.25,120159.83
127.0,26910.799999999996,22540.04,15334.840000000002,11949.800000000001,15816.9,8618.67,14788.89,29086.68,27617.46,23124.69,16764.06,16973.96,18483.63,18352.29,20030.89,20801.17,18742.02,21773.98,27960.66,23097.92,21380.21,25791.18,29317.020000000004,31539.140000000003,506796.9
128.0,1584.6399999999999,4479.37,580.83,406.5,155.8,604.29,1457.8400000000001,2760.72,2854.71,1666.5900000000001,1909.51,1803.58,2276.41,2688.75,3262.6000000000004,2927.9700000000003,1791.24,2023.6799999999998,2222.7699999999995,1377.91,1602.92,1715.39,2658.7599999999998,2592.5,47405.28
129.0,94220.1,102443.1,101472.85999999999,106257.03,158228.50999999998,138546.04,143558.05000000002,160442.55999999997,123506.52999999998,103129.99,88063.34,78597.25000000001,76538.81999999999,82056.47999999998,85964.52,86450.04000000001,85275.58,89331.03000000001,75118.49,66571.85,65886.8,64130.35000000001,72477.69,82010.93,2330277.9400000004
130.0,36083.45,22380.74,11236.309999999998,8699.98,9939.75,27921.78,68149.48,74418.89,62658.729999999996,51657.310000000005,65578.91,58709.96000000001,70451.39,89838.16,89050.97999999998,90376.23999999999,213696.37000000002,93825.04000000001,64600.82,68173.06,64460.67,70051.49,61665.280000000006,47068.340000000004,1520693.1300000001
131.0,2796.98,2118.5,1942.3,1050.0,2852.37,4424.03,19812.57,14817.93,15499.42,11862.100000000002,11308.9,7659.33,11848.029999999999,11322.15,7844.35,8351.77,6678.650000000001,5907.53,3695.39,3319.4300000000003,3976.9700000000003,2097.48,2504.23,2085.35,165775.76
132.0,15441500.409999998,8020513.350000001,2817166.5600000005,1390859.81,1595091.14,7318720.4399999995,12615719.04,12556920.720000003,9657520.4,9153968.750000002,11154562.35,10023326.85,13228933.17,19126169.26,23807463.52,23175850.560000002,25124277.98,25273904.580000002,22468833.130000003,22109325.369999997,25488426.92,24789781.220000003,21843283.57,20006993.61,368189112.71000004
133.0,8376.25,7561.06,7281.9,5093.76,5803.6900000000005,13350.75,16591.13,23003.71,25549.18,13973.119999999999,13185.76,11941.91,11045.8,11231.9,10907.480000000001,10486.250000000002,11991.169999999998,16258.03,12711.35,8818.85,7348.83,6204.25,8282.89,9076.160000000002,276075.18
134.0,10332.69,6448.2300000000005,3611.3,2941.55,5992.33,16344.380000000001,29058.15,31114.920000000006,26116.68,22969.21,23444.54,22232.120000000003,28026.28,33569.15,38379.05,41087.46,90317.37999999999,42000.75000000001,30649.570000000003,28065.960000000003,19108.73,19593.39,16865.809999999998,14159.29,602428.9199999999
135.0,4301.5599999999995,3278.4199999999996,2697.0699999999997,2353.25,12033.56,18959.82,16394.87,34892.58,30619.87,22777.0,23613.469999999998,23646.689999999995,18366.670000000002,14990.89,10213.859999999999,8659.679999999998,7670.15,7965.339999999999,6756.589999999999,4626.62,6755.900000000001,4743.179999999999,5577.42,6514.48,298408.93999999994
136.0,9518.589999999998,3345.08,2625.62,2398.02,5475.169999999999,8727.57,4122.12,9586.28,11296.93,8964.9,9269.32,9088.96,9512.9,8619.34,7842.17,9776.48,18593.67,11241.939999999999,7421.56,6819.35,7289.43,5993.12,4024.55,5605.63,187158.7
137.0,1331996.4800000002,820924.9500000001,586641.13,454232.97000000003,440931.82,483731.85000000003,950387.88,1730603.3299999998,2268930.7300000004,2005056.97,1880108.95,1979891.56,2114986.35,2065978.5499999998,2156615.0,2206053.31,2061625.47,2226674.03,2460000.71,2398003.1999999997,2185300.23,1914119.33,1805605.3399999999,1620603.0,40149003.14
138.0,6087619.0200000005,1636796.69,416997.16000000003,88187.34,110286.31000000001,217678.15,656899.4200000002,5969533.36,10835340.59,14376512.600000001,16634813.240000002,16195437.47,16199525.699999997,14533803.059999999,15992480.380000003,17053863.799999997,17360473.31,17632703.540000003,17188929.400000002,15416555.520000001,14257459.269999998,15353391.88,13877102.25,12339572.37,260431961.82999998
139.0,1850.5,1119.7799999999997,925.52,1870.2699999999998,7257.75,23004.789999999997,22732.699999999997,11258.069999999998,13199.89,14284.45,13700.380000000001,6319.530000000001,6531.75,5753.69,6763.02,4374.6,5228.2,5818.35,5354.33,4100.57,4824.959999999999,4714.52,3340.96,2628.04,176956.62
140.0,753493.67,404067.04000000004,270231.76,221958.88000000003,337419.32999999996,631771.0000000001,1364678.3399999999,3053320.83,4400444.569999999,4016146.13,3557013.0300000003,3625615.4299999997,3652490.53,3503167.2499999995,3747128.74,3813661.129999999,3219505.86,3580687.5599999996,3511071.46,3170039.91,2538825.86,1899681.5100000002,1513293.07,1198381.7899999998,57984094.67999999
141.0,1476156.3699999999,1013831.21,766831.0,660323.62,848360.17,881621.1599999999,1860644.1399999997,3493681.66,4285836.68,3910693.1699999995,3530423.1899999995,3566198.9599999995,3715896.2,4539578.66,3772109.7600000002,3653854.26,3321200.54,3883587.3099999996,4254058.06,3892841.5599999996,3321068.0,3058067.64,3336127.3,2093640.17,69136630.78999999
142.0,2278328.71,1069157.7200000002,481015.67999999993,302243.34,439134.85,777799.3499999999,1629136.4900000002,2987602.03,4312525.050000001,4067395.42,4229754.58,4587846.41,5041712.11,5090862.430000001,5477417.759999999,5534158.0,5238406.38,5824588.79,6594589.04,5736728.590000001,5120930.66,6445548.850000001,6740892.050000001,5018475.2299999995,95026249.52000001
143.0,420509.07,234793.18999999997,139454.77,101759.93000000001,185760.96000000002,436361.98,1075225.29,1902028.0000000002,2441254.58,2455552.61,2225020.59,2144918.56,2141202.37,2049025.02,2176670.73,2130585.22,1889791.3499999999,2051292.7200000002,2216331.9299999997,1838539.67,1398709.43,1201654.1199999999,1184915.26,824478.34,34865835.69
144.0,2062037.9900000002,1708399.4300000002,1334382.1400000001,955390.94,541435.6799999999,219826.26,293014.26,481002.77,672529.45,806237.06,924360.72,1185963.59,1474594.33,1768948.6900000002,2057789.83,2058932.95,1885992.05,2123257.34,2512595.36,2647142.2199999993,2680480.93,2794664.1100000003,2760004.79,2451561.9200000004,38400544.81
145.0,268747.46,193090.94,121080.10999999999,490837.3,104295.03000000001,121198.83999999998,135599.84,174593.58,186042.79,191769.30000000002,204116.65999999997,232928.96000000002,248453.23000000004,280592.49999999994,303687.86000000004,461747.94,540507.8400000001,304943.45,282568.74,242100.01,235660.36000000002,282793.85000000003,297621.39,290661.61000000004,6195639.59
146.0,166134.13999999998,127347.34999999999,94391.23,83819.73999999999,116928.19,126852.31,148368.86,177409.00000000003,206724.15999999997,211987.41,187930.0,177018.96999999997,162047.04,156361.41999999998,164729.26,169617.32,172053.85,191619.34999999998,181622.21000000002,141828.28,125714.02999999998,135232.00000000003,156303.85,162920.53,3744960.5
147.0,2522.93,2869.3100000000004,2611.55,2863.21,3910.47,3527.24,13279.439999999999,16343.029999999999,9378.22,6683.35,5104.25,3529.92,4969.74,4232.1900000000005,6069.5599999999995,4550.780000000001,3710.2400000000002,4586.2699999999995,4155.360000000001,3435.95,2700.82,3037.08,2938.7799999999997,3148.37,120158.06
148.0,4941405.0600000005,5266961.06,4903721.770000001,3768365.4600000004,2019173.09,667002.5700000001,596473.82,691743.4600000002,935643.2599999999,1055799.15,949455.79,1023054.1799999999,1129827.04,1269280.49,1375015.59,1347572.1500000001,1231148.91,1382702.54,1690280.97,1933091.2000000002,2297263.02,2944680.0700000003,3807897.45,4471790.899999999,51699349.0
149.0,1530.52,1013.3,1331.4099999999999,1451.8400000000001,2131.2,4862.7300000000005,18051.940000000002,8390.94,12688.48,9014.119999999999,8790.0,8324.43,8561.460000000001,10227.96,10736.48,7898.08,5694.79,4353.299999999999,3201.27,2996.94,2845.44,2294.66,1959.51,2224.16,140574.96
150.0,1442.69,1514.75,611.0,886.21,1990.74,7177.51,4575.93,3926.65,4107.53,3337.4299999999994,3320.9599999999996,5447.740000000001,5622.070000000001,5558.46,5881.9,8275.47,8260.55,5609.68,4077.7699999999995,3408.39,3603.0800000000004,3377.78,3579.2000000000003,2908.2799999999997,98501.77
151.0,406508.49,243390.53,162814.32,124241.78,204618.12,439282.68,915114.3400000001,1676360.1700000002,2019942.92,1884302.2000000002,1719438.9100000001,1627985.7,1639889.24,1586853.75,1618376.9200000002,1582861.4999999998,1461546.6,1666861.59,1761954.13,1472394.21,1146610.69,927700.47,844748.0099999998,614554.5900000001,27748351.86
152.0,117358.76000000001,82406.48000000001,59644.299999999996,45860.600000000006,53119.77,71736.48999999999,135727.84000000003,247197.18,212162.66,169779.19,135309.02,136089.88,151098.23,158774.21000000002,167159.01,170780.37,175450.87000000002,220773.1,198366.78,179178.67999999996,151079.44,147499.03999999998,159593.63999999998,136128.6,3482274.1399999997
153.0,2126.58,1422.45,935.5,685.5,2472.75,2420.63,6710.120000000001,6090.790000000001,7097.52,4982.150000000001,3653.9,3623.68,4482.02,4093.93,4204.35,3170.92,3025.7399999999993,5673.820000000001,4104.32,3170.32,2947.98,3312.93,2754.72,2248.91,85411.53
154.0,2040.5,692.2,547.5,467.0,115.5,469.6,1346.47,2867.32,2849.7200000000003,1919.99,2615.91,1821.5500000000002,2720.7000000000003,2779.1,3411.37,5572.570000000001,6284.910000000001,4651.72,2468.2400000000002,2576.6299999999997,2064.15,3261.76,2452.3900000000003,2681.02,58677.82000000001
155.0,1969.51,2037.3300000000002,1332.5,2010.69,1780.41,6557.99,21051.06,27852.27,28684.9,15583.55,14450.96,14504.29,14595.35,17260.969999999998,15233.699999999999,12756.810000000001,10831.130000000001,9288.800000000001,9099.54,6786.719999999999,6169.639999999999,6813.509999999998,4764.0,3792.67,255208.3
156.0,1278.76,1311.22,935.3199999999999,639.0,93.82,238.5,405.0,748.0,2621.92,2255.2599999999998,1546.8799999999999,1313.0600000000002,1644.0400000000002,1803.45,1362.0,1248.6200000000001,910.9000000000001,1300.0,1293.5,607.5,693.95,973.72,874.5,1198.69,27297.61
157.0,21358.85,15914.34,10851.77,9060.05,9935.98,14898.55,23739.69,27717.22,26187.350000000002,23618.4,22599.969999999998,23049.49,25869.800000000003,30458.39,33955.26,31690.51,74020.79999999999,24699.54,22744.55,20985.79,25416.72,27882.68,26633.36,28809.87,602098.9299999999
158.0,2342810.25,2203676.4899999998,1869087.5699999998,1379248.4500000002,597950.69,258678.3,478009.75,942051.64,1430457.6099999999,1443772.8599999999,1269905.7899999998,1293781.15,1452376.55,1535026.71,1716738.57,1726264.0100000002,1738441.9299999997,1716997.4100000001,1986567.21,1984486.8300000003,2007460.9000000001,2203847.7299999995,2277141.3999999994,2320835.4600000004,38175615.26
159.0,9718.009999999998,9501.03,6569.89,7194.200000000001,8679.98,11236.39,19903.91,29238.72,19067.75,14579.98,15869.119999999999,14952.08,15367.229999999998,16445.54,15780.740000000002,16238.85,12923.58,18021.289999999997,16181.34,12481.28,11576.97,9120.17,11377.67,10140.27,332165.99
160.0,3349.81,3113.6699999999996,3264.04,2527.1800000000003,3501.33,4129.88,9131.1,8405.06,8439.01,7160.13,5708.83,5551.65,6757.64,7259.1,8372.08,9129.69,20362.11,7147.320000000001,5707.89,5545.459999999999,4546.0199999999995,4753.989999999999,3888.9,3535.3900000000003,151287.28
161.0,3338496.25,1717640.3199999998,914165.04,644324.7699999999,758914.84,1035680.38,1652887.9000000001,2689298.46,3978775.5300000003,5063302.85,7235744.45,7670607.930000002,8606863.13,9155796.200000001,9981077.120000001,9337715.31,8343362.26,8804791.790000001,9421880.850000001,9172244.100000001,8440291.25,8133061.03,7621919.76,5597377.0,139316218.52
162.0,2499309.3299999996,1409352.02,838349.4500000001,611863.9299999999,808211.43,1142104.07,2227355.66,3572593.8300000005,5494535.949999999,5618580.11,5718652.200000001,6436333.42,6893975.73,7023686.099999999,7470627.8100000005,6998564.09,6647984.76,8543417.55,9071994.46,8480886.509999998,7926118.8100000005,7615260.460000001,6021433.600000001,3971426.7300000004,123042618.00999999
163.0,2581818.61,1602902.0699999998,1096920.85,893042.15,948121.5599999999,986147.98,1434717.4199999997,2245753.0500000003,3133874.0199999996,3869927.47,4513713.83,5310098.59,5765794.42,5959805.430000001,6363928.210000001,5975811.299999999,5473454.89,6148705.68,7078330.64,6374397.17,5420616.949999999,5200124.86,4905851.7,3725723.01,97009581.86
164.0,3393030.8,2482513.87,1817475.68,1423111.7,1370207.32,1082103.86,1319006.0099999998,1919711.6300000001,2733460.81,3222011.0899999994,3533470.8400000003,4033705.64,4458261.81,4574126.680000001,4839431.069999999,4615346.13,4114201.7099999995,4472695.25,4897919.41,4802427.16,4657245.94,4678041.680000001,4733231.470000001,4398889.21,83571626.77
165.0,2974.85,2889.45,2241.7200000000003,1893.79,3449.5400000000004,5701.800000000001,13039.599999999999,23565.150000000005,26396.300000000003,18968.500000000004,16284.54,14343.86,18214.920000000002,20136.54,17635.09,13224.52,11049.93,10297.68,6972.469999999998,5370.68,5118.17,6457.11,6483.96,4342.200000000001,257052.37000000005
166.0,411398.78,255009.9,174347.23,122418.98000000001,156390.19000000003,224470.25,439262.57,888200.61,1128573.47,934544.36,807612.6399999999,941064.7300000001,1101200.14,1123712.49,1127625.84,1168805.4999999998,1063200.55,1358058.85,1187105.05,972453.2600000001,878341.96,856716.6199999999,722247.7000000001,552996.12,18595757.79
167.0,3616.7499999999995,3919.88,3237.58,4333.4,4805.48,9956.46,11587.240000000002,14189.749999999998,13714.28,10422.670000000002,8179.56,7525.629999999999,7252.4400000000005,8181.28,9170.04,8245.83,6394.6900000000005,7192.339999999999,8713.26,8055.0,5057.02,5180.96,4362.24,3725.4600000000005,177019.24
168.0,35111.89,29736.54,28552.12,32482.35,28246.8,32444.16,45720.340000000004,52390.119999999995,44410.46000000001,40118.11,34670.19,35389.08,37314.61,37143.92,41350.15,43949.62,49729.56999999999,57368.36000000001,53033.29000000001,38883.84,29759.070000000003,29423.65,31322.149999999998,37087.8,925638.19
169.0,5511.210000000001,4769.15,4444.28,3626.84,5182.23,5517.12,19863.079999999998,20203.21,13297.76,10377.109999999999,6803.63,7750.75,7468.799999999999,7889.519999999999,8437.27,7577.6,7942.089999999999,7799.4,7905.34,5143.6,4709.8099999999995,5659.44,5376.289999999999,5332.389999999999,188587.91999999998
170.0,2673720.8699999996,1678427.6899999997,1087684.3900000001,776809.8099999999,849835.5499999999,1168881.0799999998,2181506.52,3680550.270000001,5211029.290000001,5627446.63,5461366.319999999,5917535.339999999,6638204.66,6387538.179999999,6648492.51,6275240.509999999,6289170.38,6476512.299999999,7068227.6,6658564.089999999,6087540.61,5735179.899999999,5110016.92,3936981.099999999,109626462.51999998
171.0,1634.3400000000001,1822.85,1269.75,1519.25,2383.9100000000003,8323.19,12139.119999999999,17891.28,13531.51,10061.76,7296.87,5624.310000000001,5530.47,6516.090000000001,5499.2300000000005,4646.89,4744.11,4994.29,4050.87,2854.4500000000003,2128.49,1807.81,2530.58,1869.1699999999998,130670.59000000001
172.0,425.32,543.78,327.02,494.5,491.01,125.0,278.5,307.5,53.5,165.28,313.09,752.1700000000001,468.33,290.5,541.02,726.16,374.5,102.0,142.5,104.0,340.15,225.5,198.5,281.38,8071.209999999999
173.0,7442.2300000000005,8564.58,9499.16,8357.01,11136.41,6659.68,13963.099999999999,8197.07,11104.800000000001,6182.38,5107.48,5023.719999999999,6616.84,7399.119999999999,6757.32,5845.26,4874.63,4983.88,4541.52,4484.7300000000005,6025.139999999999,6019.320000000001,6727.02,6718.75,172231.15
174.0,3174.4700000000003,2248.42,3604.439999999999,2993.0,4292.4,6006.53,8024.549999999999,16732.23,9825.6,9116.029999999999,8486.109999999999,8669.41,8797.41,8892.72,8699.26,9393.89,10862.249999999998,9993.56,6700.549999999999,5529.1,4600.86,3957.36,4007.53,5840.77,170448.45
175.0,1109.06,557.3,564.8,884.3,481.56,5424.249999999999,6370.44,9972.009999999998,8927.81,6277.650000000001,4410.9800000000005,3584.959999999999,4013.1000000000004,3777.1,4132.72,2073.14,2690.7599999999998,2822.77,2133.67,2342.21,1190.74,1971.7,1473.4700000000003,1610.0,78796.5
176.0,72.5,288.58,195.0,1241.58,103.0,108.0,481.5,651.0,91.5,564.3,133.0,81.0,413.0,100.0,58.05,130.5,106.08,33.0,168.0,24.0,258.47,204.33999999999997,404.5,329.5,6240.4
177.0,7384.79,5614.460000000001,5662.8,4359.95,6190.33,8839.060000000001,14480.14,21551.15,23812.77,20765.190000000002,14677.7,11937.67,12479.15,16651.14,19126.35,12396.600000000002,15782.570000000002,11044.46,11515.849999999999,9237.2,9729.699999999999,13228.859999999997,9999.87,8658.9,295126.66000000003
178.0,1685.0,1427.8,1700.7499999999998,1965.2,1199.02,1632.15,4216.49,4249.120000000001,7305.539999999999,5485.94,5583.2300000000005,6690.679999999999,6481.710000000001,5477.65,4673.2,4407.82,4550.84,4356.7,2602.87,2239.3099999999995,1448.37,1331.08,1549.7,980.81,83240.98000000001
179.0,68813.65,55772.65,46606.54,39399.4,68161.10999999999,112408.43,170779.96,219269.06999999998,202108.33,142983.6,103434.0,91464.55,82705.22,93695.26,94222.2,77658.19000000002,59037.72,59665.97000000001,57386.740000000005,52231.240000000005,50563.5,55817.93000000001,63524.39000000001,62194.490000000005,2129904.1399999997
180.0,10311.82,7872.98,4389.79,1330.19,2511.73,4846.68,7543.94,16000.94,9114.59,4966.5,4645.5599999999995,4811.15,5036.200000000001,5344.26,6253.250000000001,7867.96,16829.75,7116.929999999999,5670.0,4221.3,3464.9199999999996,3574.99,3413.21,3712.3599999999997,150851.0
181.0,328120.24000000005,203796.66,126489.21999999999,80406.35,66841.12,61989.130000000005,108395.90000000001,150620.59,167933.37,137700.06,98735.39,96351.70000000001,104127.81,116867.84,117216.48999999999,114804.69999999998,109280.76,141795.4,175947.87,180105.59000000003,195518.08000000002,301138.45000000007,432783.0,436678.42999999993,4053644.15
182.0,2503.46,1580.82,1746.26,1718.51,2265.9,14093.260000000002,34239.38,27034.73,19784.9,12148.939999999999,9501.48,7996.83,7508.359999999999,8472.03,6061.47,5855.660000000001,7487.83,7007.950000000001,5792.24,4395.3,5170.42,4160.17,3446.6899999999996,2695.39,202667.98
183.0,849.53,896.48,542.3199999999999,1480.3700000000001,2354.7000000000003,1460.7699999999998,5423.78,6878.71,4999.33,3720.5699999999997,4392.389999999999,3313.5499999999997,3100.67,3265.7900000000004,2352.5,2631.7700000000004,1746.25,2370.98,2391.65,1172.34,1819.28,1329.3100000000002,709.63,1387.7800000000002,60590.45
184.0,258.07,561.5,368.5,171.5,377.2,700.68,524.54,865.3,1066.5,835.75,591.06,662.4200000000001,1718.8999999999999,1064.18,1251.1100000000001,1220.65,789.9,1629.87,1185.9499999999998,1193.81,907.96,512.19,520.27,934.76,19912.57
185.0,2496.7,2010.48,1313.91,1124.67,2482.7,3014.09,6122.519999999999,10261.48,6696.69,6317.13,5707.650000000001,6006.87,6082.77,7020.299999999999,5559.61,4922.62,4344.75,5083.2,5485.250000000001,3540.82,3174.43,2567.6499999999996,2869.5699999999997,4901.87,109107.73000000001
186.0,3195198.85,2159454.8000000003,1388732.1700000002,909500.78,963378.49,1334404.9600000002,4249350.14,5107234.89,5431826.11,6479451.78,7080792.569999999,7307932.75,7267607.08,7086463.670000001,6832827.93,6840347.220000001,6259952.37,6650948.55,7467269.87,7542496.120000001,6493970.659999999,6773019.799999999,6607068.91,4925761.119999999,126354991.58999999
187.0,378.35,291.61,275.35,523.9100000000001,267.5,76.54,49.61,1322.1,175.5,272.44,296.46,293.97,334.78,268.5,254.32999999999998,164.8,174.32,216.7,505.61,434.85999999999996,561.77,210.0,264.0,266.85,7879.86
188.0,30275.410000000003,23773.640000000003,21531.72,16678.85,19178.32,25380.53,52262.759999999995,65108.06,53864.59,43017.55,35493.64,28148.04,30421.969999999998,34425.16,35817.06,27329.780000000002,25335.859999999997,32956.66,23635.74,21333.8,23312.75,26498.02,30080.699999999997,31859.73,757720.34
189.0,78138.16,54140.1,33786.43,23520.69,21744.29,19550.350000000002,24540.030000000002,32999.48,38900.35,34893.590000000004,28732.289999999997,26881.030000000006,29405.44,31038.41,29479.99,26604.01,25231.989999999998,29862.41,35432.49,41338.82,46625.590000000004,60515.71,85737.62000000001,97561.15,956660.42
190.0,9092.0,5661.1,4364.85,2705.1400000000003,2800.4700000000003,3514.15,5129.670000000001,8342.039999999999,8830.25,6478.670000000001,5543.29,7340.54,10857.080000000002,15116.12,16680.98,16123.98,14733.97,13067.56,10319.66,6894.43,7759.6900000000005,9949.9,11343.080000000002,10565.369999999999,213213.99
191.0,4996.11,3869.3700000000003,3008.74,1984.76,13985.16,14513.730000000001,25673.26,19477.64,34764.54,17218.66,15779.32,9625.81,9133.19,11120.070000000002,11770.11,9089.029999999999,9961.12,6404.650000000001,6567.650000000001,5663.52,6208.589999999999,10587.09,14269.660000000002,9928.500000000002,275600.28
192.0,2595.5099999999998,2001.44,1326.9099999999999,983.7,1426.4799999999998,1253.0,2821.48,3685.68,5481.8,6595.3099999999995,6507.45,5848.969999999999,5945.09,5259.81,5780.83,5755.89,5309.620000000001,3459.7599999999998,2801.15,2311.96,2692.12,2175.3599999999997,3105.47,2900.95,88025.74
193.0,50735.07000000001,32231.159999999996,26413.370000000003,23759.82,50793.86,66764.23999999999,134880.47999999998,146897.64,115144.87,126221.48000000001,93334.71,97243.93,92121.31999999999,78354.66,101035.27999999998,99694.19,88899.52000000002,93650.09999999999,62763.00000000001,41299.02,38681.759999999995,36619.81,41352.53999999999,43020.259999999995,1781912.0899999999
194.0,18266.13,10367.36,4685.97,1958.3,3023.4600000000005,12312.619999999999,24093.05,24392.460000000006,28974.149999999998,29815.73,28520.79,31745.06,35962.8,48286.11,51347.12,52065.409999999996,85460.88,41675.49,39139.38,28606.68,28662.110000000004,35758.91,31480.510000000002,27477.679999999997,724078.1599999999
195.0,9846.87,5967.6,3205.5999999999995,2494.97,3375.2,4456.1900000000005,8670.300000000001,15394.789999999999,27729.97,30692.5,34981.55,44835.369999999995,41927.09,26382.679999999997,27764.08,25616.400000000005,24143.58,22035.29,21857.82,18904.5,19428.16,20259.99,17306.03,14702.62,471979.15
196.0,21187.39,18323.3,10988.600000000002,9358.34,10147.65,24070.93,39050.020000000004,43607.200000000004,41222.25000000001,28121.620000000003,25866.2,26023.7,27391.6,28741.770000000004,33510.49,31628.45,60869.21000000001,21132.04,17790.84,19821.239999999998,16531.76,18076.33,20070.75,20675.99,614207.6699999999
197.0,9732.550000000001,9015.73,9257.14,7342.530000000001,7587.87,17132.9,21892.28,28635.4,25338.49,20055.500000000004,18360.929999999997,20195.5,26429.940000000002,31925.86,36766.4,47031.69,108076.52999999998,37357.049999999996,27441.309999999998,19693.73,13790.980000000001,12700.81,17660.379999999997,11681.66,585103.16
198.0,11541.019999999999,12467.580000000002,9434.12,8964.439999999999,10823.2,6995.48,8496.99,8537.18,12213.31,7598.59,9751.96,8077.4400000000005,8275.42,10016.58,11255.689999999999,8126.379999999999,6365.46,6107.96,6815.929999999999,6535.2,6672.51,7562.929999999999,8120.780000000001,10537.250000000002,211293.4
199.0,25.0,21.5,3.5,,,,,39.5,30.0,,5.5,121.0,5.0,32.0,43.0,20.0,55.5,129.5,64.0,67.5,64.5,60.5,45.0,30.0,862.5
200.0,1994.97,1949.7099999999998,1231.57,1171.59,1211.91,1357.8600000000001,6322.9400000000005,12401.839999999998,12077.570000000002,10433.259999999998,10291.11,8690.21,8836.88,7650.21,6855.96,8605.77,5920.46,7530.06,5452.04,4188.59,4280.179999999999,4533.09,4228.86,3443.5899999999997,140660.22999999998
201.0,546.01,930.3,370.5,267.5,379.36,474.34,1241.01,1104.1399999999999,1404.84,1599.7600000000002,1396.05,1424.2,1272.83,2088.91,2080.9,2003.55,1538.0,2613.6800000000003,2980.03,2784.35,2133.34,1348.53,1429.24,1468.82,34880.19
202.0,10957.05,6617.179999999999,3612.91,3532.95,3290.12,3769.0,6097.119999999999,6831.72,9779.54,8473.39,9970.7,9524.220000000001,11291.42,11606.62,12679.8,13121.78,15762.310000000001,13328.289999999999,16305.170000000002,12950.95,14342.93,14751.9,16920.86,13225.779999999999,248743.71000000002
203.0,2972.19,2764.78,2487.0,1634.8,9876.87,15882.449999999999,30896.499999999996,21009.989999999998,12764.810000000001,17619.79,13903.52,8826.71,8198.759999999998,10553.6,8336.880000000001,6634.5,6548.11,7466.800000000001,7790.64,6901.19,5530.339999999999,4895.349999999999,5963.009999999999,4691.289999999999,224149.87999999998
204.0,632.37,556.0,449.82,193.11,371.5,65.54,,6.0,5.5,13.0,29.5,67.5,57.5,13.5,,2.5,9.5,200.74,76.0,,776.9,541.55,428.5,912.76,5409.29
205.0,4926.53,4058.3,2763.0,2270.3599999999997,12631.11,50030.329999999994,45380.00999999999,42728.45999999999,33544.29,29006.05,21176.01,15347.37,14459.64,17411.21,16615.030000000002,14093.019999999999,11006.689999999999,8197.41,7669.82,6060.07,7043.52,8248.18,7661.03,7787.2699999999995,390114.70999999996
206.0,943.39,588.3199999999999,357.0,455.63000000000005,255.0,515.2,207.37,138.5,198.2,782.7900000000001,1495.6200000000001,2014.39,1909.3600000000001,1424.3,1565.06,1290.87,3125.5299999999997,2858.1600000000003,1057.0,1069.23,570.47,1311.88,936.35,402.2,25471.82
207.0,3339.51,1503.01,763.0,449.06,1135.95,6651.29,6791.95,7540.040000000001,7647.77,7506.389999999999,9212.65,11830.96,13283.83,12158.7,11916.89,8973.31,6088.24,6128.329999999999,6733.7300000000005,7223.039999999999,5916.77,7268.1,6316.61,6236.139999999999,162615.27000000002
208.0,5357.95,2718.17,2197.94,2315.67,2044.87,8111.320000000001,14872.8,19339.100000000002,10260.25,7946.5199999999995,7541.59,7230.29,7172.02,6373.1,6847.74,4456.360000000001,5541.700000000001,6165.72,6193.1900000000005,5556.74,4594.97,6177.27,4038.4200000000005,5013.969999999999,158067.66999999998
209.0,402458.19000000006,253454.8,145967.82,90565.5,85806.95,97318.04,159548.25,228661.54,350471.64,372899.35000000003,360877.13,410075.99,459726.46,485403.36,542690.5800000001,549847.84,573795.8200000001,673316.25,617490.4600000002,562382.79,567511.9299999999,635774.4700000001,627436.5599999999,539357.76,9792839.48
210.0,4035.85,3466.16,1623.3600000000001,1449.48,1788.05,5319.7,30247.620000000003,29143.780000000002,21971.410000000003,20044.530000000002,17326.98,17164.22,15300.67,14630.43,12193.41,10141.550000000001,8162.35,8097.969999999999,6346.49,4865.2699999999995,4855.91,3458.3,3099.1899999999996,3752.15,248484.83000000002
211.0,1221902.1,839908.46,515837.88,300757.74000000005,219260.13000000003,173327.4,257344.44,417934.79000000004,647694.47,781870.8499999999,943335.2799999998,1172537.1700000002,1418789.96,1638193.2600000002,1872568.3800000001,1851655.4200000002,1639591.3800000001,1783568.6500000001,2028226.6800000002,2017903.0900000003,1872764.1900000002,1845075.86,1813079.4200000002,1575668.69,28848795.69
212.0,3580.5900000000006,3523.82,3271.3900000000003,2975.2399999999993,5851.19,3593.72,7481.02,18194.059999999998,10531.48,7776.67,7598.98,5753.72,5275.76,4389.12,4031.5800000000004,4223.51,4008.05,5449.960000000001,4286.759999999999,3287.0299999999997,2898.9,4058.0,3787.59,2632.8300000000004,128460.97
213.0,4167.639999999999,5439.03,4042.8599999999997,3770.17,4947.719999999999,13483.359999999999,46716.439999999995,44093.22,31050.550000000003,29258.149999999998,16688.53,13050.050000000001,11700.57,12156.529999999999,11463.34,10672.37,8972.52,7949.26,9235.739999999998,7972.07,7628.949999999999,9212.75,6503.55,5393.570000000001,325568.94
214.0,146.0,206.8,400.0,351.5,425.5,597.0,5541.45,600.83,599.39,765.86,698.75,633.9,949.16,603.0,667.45,991.9399999999999,342.5,508.5,369.92,445.84000000000003,475.63,884.5400000000001,630.7099999999999,552.0,18388.17
215.0,31549.1,19084.309999999998,6735.37,4047.01,10507.359999999999,30942.950000000004,83823.0,77487.57999999999,56086.87999999999,54694.49999999999,58214.119999999995,50892.66,58646.57000000001,86393.35,100283.2,93114.73000000001,231370.49,90477.03,68245.76999999999,66543.7,74912.74,77521.89,61224.62,47255.3,1540054.23
216.0,26251.890000000003,19173.590000000004,17463.57,13804.41,27320.630000000005,51853.78999999999,96532.25,76101.89000000001,74216.03000000001,63632.66,49119.9,44831.64000000001,54628.740000000005,77955.51000000001,101980.45999999999,116400.10999999999,193418.58000000002,109573.12999999998,87661.48999999999,64145.69,46620.630000000005,50785.41,33478.96000000001,29458.3,1526409.26
217.0,24129.210000000003,18897.17,15190.98,13400.93,13052.93,6505.4400000000005,3547.6100000000006,6788.25,9114.130000000001,9122.32,8734.74,10546.48,10731.400000000001,11912.78,14549.97,9648.380000000001,9888.76,10053.25,10581.53,11543.769999999999,11625.869999999999,15254.169999999998,20526.879999999997,26161.32,301508.27
218.0,3735.37,2304.8,2166.8,2252.71,11473.689999999997,23426.75,28916.73,38299.119999999995,30787.21,26227.379999999997,25974.69,17357.530000000002,18277.94,17006.85,12227.310000000001,10484.1,8731.32,7323.85,7846.15,6998.419999999999,9059.92,7538.370000000001,6929.330000000001,4744.83,330091.17
219.0,32706.520000000004,16264.189999999999,11367.77,8545.84,7398.85,26461.449999999997,51826.72000000001,61228.02,49779.81999999999,43501.92,44933.810000000005,34226.2,42064.240000000005,57060.79,74138.63,109020.81,157115.8,95572.41,71176.05,58437.759999999995,58383.509999999995,48886.27,42967.73,41103.68000000001,1244168.79
220.0,6014.26,3812.41,3777.96,3185.4,3347.4599999999996,2998.9199999999996,6406.499999999999,16497.7,19380.9,13752.470000000001,10956.060000000001,11049.07,11287.51,12083.21,12031.33,10145.67,10293.779999999999,9789.07,11332.460000000001,9145.640000000001,8059.000000000001,8751.51,7855.849999999999,6956.640000000001,218910.78000000003
221.0,687.5,430.71,758.4699999999999,696.0,883.0,863.47,246.7,621.86,1824.7099999999998,1035.57,1100.34,1036.49,1270.07,1235.48,836.5,564.06,1748.8899999999999,929.4200000000001,471.5,708.71,916.2,932.7,798.59,1199.56,21796.5
222.0,1262.48,781.9000000000001,399.2,348.51,4280.210000000001,7619.88,15159.11,24097.050000000003,22174.77,23809.549999999996,18333.87,11643.990000000002,11775.07,10380.47,9239.04,6897.119999999999,8206.199999999999,7630.26,4888.92,3589.43,3723.25,8969.970000000001,3212.68,2417.31,210840.24
223.0,115743.48000000001,79667.42,55433.67999999999,41180.68,61898.67,100614.32,190045.63999999998,196973.09999999998,183735.79999999996,175347.50000000003,142664.19,138617.16,126147.21,132603.66999999998,139469.26,144045.01,156466.9,131383.53,128294.32999999999,111105.23999999999,110592.49000000002,125685.87,130899.40000000001,137660.86,3056275.41
224.0,175419.66999999998,114567.88,79351.17000000001,69167.39,105085.08,207031.58000000002,475881.5,619350.82,556756.8400000001,593987.92,600609.05,519439.5900000001,454108.33,408379.57999999996,372691.75,331712.92000000004,290672.08,339898.57,394142.6099999999,348026.03,279608.78,247402.15000000002,250631.69000000003,235933.55000000002,8069856.530000001
225.0,36043.61,30150.91,26092.74,24070.81,25690.24,26134.300000000003,40870.93,46293.380000000005,34360.16,29599.5,23662.370000000003,18743.56,19869.17,23370.450000000004,23819.26,21543.12,15798.660000000002,17419.15,20594.16,19355.66,20179.290000000005,25570.830000000005,28380.52,30822.99,628435.77
226.0,250663.88999999996,193326.67,162454.39,154299.44,226325.27999999997,337463.39,553947.89,690098.41,632001.57,383816.4,313022.10000000003,306879.33999999997,290917.43000000005,303404.53,345535.60000000003,340960.39,429670.83999999997,325212.36,265435.45,217097.48,202757.41999999998,227002.62,226700.62,236082.96999999997,7615076.48
227.0,3466.2999999999997,3193.38,3426.4,2646.02,3046.26,6471.63,9942.25,15611.039999999999,6025.250000000001,7106.620000000001,7496.290000000001,7099.6,9762.130000000001,11070.150000000001,8503.09,6846.839999999999,8477.970000000001,7399.1,5606.8,4872.15,5744.83,4358.139999999999,3924.01,3384.3100000000004,155480.56
228.0,28687.530000000002,21134.800000000003,18768.340000000004,18906.29,20703.06,14479.470000000001,20324.600000000002,25060.500000000004,30114.23,23309.940000000002,22796.159999999996,23455.03,25892.51,24810.68,30292.13,28408.79,28662.29,29049.46,23980.379999999997,24252.74,15469.75,17205.05,22054.37,24548.56,562366.6599999999
229.0,1552174.4000000001,1079440.21,762601.9000000001,568344.83,599491.14,685072.11,1309823.74,2689657.88,3605965.16,3434396.24,3347848.55,2979037.6900000004,3124549.24,3071202.33,2978521.54,2638789.7599999993,2389053.77,3165361.13,3933795.14,3744114.19,3501094.6,3451805.4499999997,3011351.2299999995,2234475.7699999996,59857968.0
230.0,5289001.610000001,3216639.7899999996,2152127.54,1821264.07,2106545.06,1725561.64,2209310.55,3279467.9999999995,4542720.54,5345246.960000001,6004921.710000001,6696699.949999999,6745413.51,6701319.42,7048934.229999999,6752525.989999999,6762798.32,7491369.8,8166950.37,7431207.42,6879244.350000001,8136839.9,9349111.149999999,7561274.89,133416496.77000001
231.0,2431989.37,1621917.45,1117669.1099999999,838068.6799999999,706561.86,562380.24,1190500.07,2121013.01,2572588.88,2648518.29,2911622.12,3339468.7700000005,3514189.2899999996,3584481.16,3801292.3099999996,3673029.1500000004,3382359.9,3837188.9,4326970.91,4316594.49,4146241.419999999,4265165.77,4364290.720000001,3429913.5100000007,68704015.38000001
232.0,494407.03,439740.21,878355.6300000001,238655.34000000003,162710.52000000002,83708.43,130561.36,156687.16999999998,260767.35,243822.76,227189.76,225725.39,263206.04,284599.05000000005,303150.75,299526.64,282585.37,310140.58,325782.57,341043.07,356105.37,418920.50000000006,496689.17,537575.1900000001,7761655.250000001
233.0,899904.5200000001,548182.07,360926.14,286020.91,433642.86999999994,656403.2,1107425.0899999999,1921058.6900000002,2608541.8200000003,2549777.56,2391233.78,2590959.6700000004,2752725.64,2791005.5999999996,2862684.14,2718034.51,2596437.4699999997,3181836.1299999994,3513216.86,3952253.7,2515162.2,2236533.11,1805209.7000000002,1330527.1500000001,48609702.53
234.0,3695059.49,2344903.8100000005,1555474.89,1023728.3999999998,761608.8099999999,661901.18,1172353.54,2158058.5,2956233.31,3310826.76,3759131.98,4511728.09,5183345.799999999,5622849.629999999,6201576.22,6127137.649999999,5870977.45,6522394.5,7051114.2,7056317.959999999,6897855.68,6846538.79,6328451.420000001,5254157.140000001,102873725.2
235.0,10120.7,5898.839999999999,5043.15,4854.58,9972.16,13548.07,19396.170000000002,25291.5,24773.640000000003,17403.96,11292.019999999999,9651.52,9065.839999999998,10376.970000000001,11265.300000000001,11292.34,8837.35,13181.129999999997,9989.22,9409.269999999999,7608.109999999999,8404.83,6589.77,8745.0,272011.44
236.0,871291.6,429436.89,245200.26000000004,179559.75000000003,375409.91000000003,968701.78,2545245.1300000004,5592162.62,7585661.300000001,6886266.039999999,6534981.930000001,6937809.7,7446642.7,7019988.77,7497496.2,8759107.429999998,7011947.800000001,7476798.569999999,7188187.68,5737128.27,4454783.469999999,3780323.1800000006,3092584.7299999995,1656134.8699999999,110272850.57999998
237.0,1591938.2999999998,771429.48,399143.61,272487.11000000004,365896.85,713006.3699999999,1655622.29,4262522.78,5610430.92,5981753.890000001,6089595.7700000005,6844221.2700000005,7553940.509999999,7684843.6899999995,8514344.479999999,8267511.289999999,7373555.9,8329820.390000001,8585427.18,7769803.18,5894812.2299999995,5496415.57,4578357.12,2859427.36,117466307.53999999
238.0,910054.7599999999,534805.28,322224.7,238095.52,390092.35000000003,861327.71,1786984.31,3181952.02,4328301.62,3960038.5200000005,3643406.67,3578496.3100000005,3488911.8400000003,3325832.29,3540250.5999999996,3887891.8999999994,3200988.1599999997,3681834.52,3771595.06,3203984.56,2461541.19,2163782.41,1908177.53,1395939.22,59766509.050000004
239.0,1447278.0300000003,854970.98,476665.18999999994,317730.08999999997,472804.1100000001,885966.6399999999,1775808.5599999998,3188538.6700000004,4228006.44,4853413.59,4217327.92,4379554.81,4795957.25,4829409.63,5064883.7,5194571.21,4696942.74,5084184.34,5041610.069999999,4437915.079999999,3607861.57,3602131.75,3421068.92,2356793.05,79231394.34
240.0,1203.62,1179.01,854.2,1628.9299999999998,1551.2,930.13,2523.5,2955.0,1384.02,2080.06,1752.9299999999998,1436.14,1904.9,1640.2700000000002,2027.5999999999997,1423.4,1216.7,916.1600000000001,1204.61,1633.68,1370.17,1312.4499999999998,1624.6100000000001,913.09,36666.38
241.0,4060.41,3430.3999999999996,2470.49,3086.1,3180.58,3345.1599999999994,6233.620000000001,15143.06,15036.08,8612.69,6269.56,5393.81,6299.28,6155.38,5732.17,6373.28,4832.68,5072.56,4833.32,6059.610000000001,6428.72,7232.280000000001,5873.46,5141.5,146296.19999999998
242.0,3344.8,1809.0299999999997,1980.91,2011.6399999999999,2858.68,6237.959999999999,8474.88,11190.259999999998,8727.77,9197.079999999998,10638.43,10775.1,10536.42,10268.01,15846.77,18803.760000000002,14363.72,11075.039999999999,8338.42,7822.620000000001,4344.879999999999,5737.81,4384.48,8126.78,196895.25
243.0,47887.69,34607.85,25714.55,23701.31,26463.100000000002,15260.350000000002,31779.590000000004,61369.700000000004,59959.829999999994,40991.34,35184.44,41577.58,43491.420000000006,41150.42,42345.63,41783.08,39777.98,40933.48,47660.12000000001,47942.23,44843.64,52933.63000000001,57839.53,61512.81,1006711.3
244.0,157289.53,102699.85999999999,72012.62,52208.9,67577.31,98971.27,229735.03000000003,396350.92000000004,379374.16000000003,279845.49,222551.17,219202.59999999998,233522.3,237002.66,242785.82,240193.33,202315.74999999997,228009.96,210861.59999999998,186804.66999999998,167849.84999999998,166173.22,190770.80999999997,182590.51,4766699.34
245.0,765.74,376.5,320.01,138.5,233.70999999999998,337.0,42.5,95.0,237.0,74.0,437.5,603.84,1099.3,389.5,190.86,391.5,544.7,333.0,254.07999999999998,659.2,206.5,375.41999999999996,669.98,416.48,9191.82
246.0,1449200.5599999998,1243408.54,1416402.5799999998,1220450.46,796477.64,295693.5800000001,581902.8300000001,1222368.02,2014260.77,2118538.23,2213416.3499999996,2628627.61,2911276.28,3003776.37,3222419.35,3222665.1799999997,2896270.96,3241856.3400000003,3759118.0300000003,3207201.8700000006,2795099.84,2603778.21,2393315.17,1906953.1500000004,52364477.92
247.0,24708.330000000005,15601.789999999999,12272.75,11819.94,13617.359999999999,19350.100000000002,27361.97,57210.09,47525.04,31921.39,28823.660000000003,32537.880000000005,32955.1,30120.309999999998,32567.839999999997,36524.84,44051.03,53018.880000000005,38864.48,30155.95,27227.84,31560.969999999998,37698.15,35957.520000000004,753453.21
248.0,3132.09,2546.14,2086.85,2894.6899999999996,2921.2299999999996,4707.139999999999,12217.83,10312.63,11528.47,7129.700000000001,5444.29,3511.1900000000005,3892.0000000000005,3953.12,12067.350000000002,3498.48,2600.5699999999997,3237.6200000000003,3046.98,2873.21,2652.15,3470.49,3432.11,3163.9,116320.22999999998
249.0,4566135.62,3634972.14,2685072.14,1970597.43,1370507.1,780514.0399999999,1162498.06,1661200.82,2069965.51,2210377.63,1998548.7000000002,1954958.9000000004,2106287.83,2227661.84,2414463.7600000002,2426360.2,2163032.98,2841969.55,3121980.48,3542474.7600000002,3998837.92,4951352.53,5444935.05,5224761.2700000005,66529466.260000005
250.0,3166.52,3345.73,2055.11,2273.64,2826.87,9990.56,15499.650000000001,10676.910000000002,9387.56,6860.72,5962.97,5019.35,5394.049999999999,7863.46,6742.380000000001,7248.9400000000005,7307.03,6953.59,6385.08,4401.04,4426.5199999999995,4129.43,4075.85,2497.85,144490.81
251.0,1019.8699999999999,658.87,258.71,566.88,509.82,34.5,273.65999999999997,636.9300000000001,615.2,1306.25,859.2,807.7,527.01,932.7,674.04,657.76,487.9,520.5,341.0,507.42,695.92,1173.9,515.15,417.53,14998.42
252.0,4002.94,3942.9800000000005,4018.86,662.8,1747.71,1683.3400000000001,4449.7,8745.24,10917.13,9362.93,6581.790000000001,8059.18,7848.410000000001,7209.720000000001,5053.72,7572.48,8679.4,7416.030000000001,7063.380000000001,5554.879999999999,5564.160000000001,5118.75,3244.77,5775.9400000000005,140276.24
253.0,1566.01,483.8,39.0,37.0,235.5,430.5,628.0,659.0,1096.0,952.51,1268.5,1491.45,1539.0,2043.6100000000001,2895.54,2645.25,2317.7200000000003,3065.76,2445.33,2663.5,1228.0,3141.7,2293.73,3215.12,38381.53
254.0,3795.2099999999996,3716.39,2578.69,3966.7299999999996,4848.39,27237.510000000002,23261.38,22617.31,16124.22,18065.81,11984.65,10122.44,9906.69,11026.830000000002,11238.31,13126.78,6020.53,9787.79,8555.460000000001,8921.66,9912.26,9106.55,5558.7,5272.47,256752.76
255.0,520391.3199999999,408894.98,334359.64999999997,259210.98,192186.44999999998,48147.48,28779.26,24521.47,39656.689999999995,38723.43,36837.89,50397.16,63722.96999999999,77793.33,95690.81000000001,101115.34,89370.91999999998,117336.53,154647.46,175086.5,186330.83000000002,232500.45,330167.69,503891.12,4109760.71
256.0,371413.20999999996,328922.14999999997,271778.14,216411.50999999998,168370.24,62554.600000000006,43524.84,32958.08,43650.25,42536.54,40933.86000000001,49240.21,59101.0,73308.33,85353.64,87298.32999999999,79189.45999999999,86238.68000000001,121105.13999999998,132307.45,147741.83000000002,184284.00000000003,271984.19,354132.24999999994,3354337.9299999997
257.0,10344.38,8122.489999999999,4811.89,2817.3799999999997,4256.62,7725.5,15970.240000000002,16072.849999999999,20312.34,11206.669999999998,9920.87,9306.64,8567.15,10100.019999999999,8687.55,7298.35,7516.25,9304.95,7648.570000000001,6509.94,6755.11,8345.83,9911.789999999999,11290.18,222803.56
258.0,3241.98,3111.5199999999995,2619.04,3681.87,3615.7900000000004,8812.45,18877.03,21505.329999999998,20133.41,13716.05,8205.199999999999,7018.8200000000015,6307.139999999999,6488.380000000001,7346.49,8488.16,9061.960000000001,4914.110000000001,4623.7699999999995,3950.0400000000004,4016.62,3871.24,4330.919999999999,4036.96,181974.27999999997
259.0,2598.37,10253.460000000001,2009.85,2791.96,4357.16,12334.030000000002,16603.59,10529.050000000001,10952.53,11991.95,7930.09,6039.48,6320.73,5709.14,5043.81,4409.72,3743.5,3883.6199999999994,2930.19,4529.74,4491.200000000001,5162.0199999999995,3860.75,2818.2,151294.14
260.0,82722.88999999998,83325.34999999999,69872.39,70995.49,110810.15000000001,130362.97,278594.48,259325.80000000005,188474.21,127671.30000000002,94012.09,91292.92,81667.62,81029.17,88082.29000000001,96377.25,118438.75000000001,84693.48000000001,70103.90999999999,56818.009999999995,56491.11,65922.62,66996.5,71631.54000000001,2525712.29
261.0,655712.55,378847.68,234442.79,166508.26,189952.91000000003,281934.96,412429.65,575222.87,779669.1,980331.4600000001,1223500.28,1697897.1199999999,2031191.9000000001,2210733.58,2426220.78,2340182.98,2042407.1699999997,2055477.0799999998,2006114.65,1769532.22,1598594.0099999998,1490867.1099999996,1255862.3499999999,939716.6599999999,29743350.119999997
262.0,304231.68,166515.47999999998,106294.77,101560.84000000001,287100.53,677466.48,1723951.7999999998,2993637.4299999997,3360278.61,3142846.64,2691125.7300000004,2407638.59,2291515.0799999996,2044361.3900000001,2020005.6799999997,2170659.83,1770288.41,2082557.4600000002,2199769.8,1777747.0,1223238.29,927196.34,753576.1599999999,519249.58999999997,37742813.61
263.0,1365039.3199999998,961629.86,665189.1699999999,502430.47000000003,630119.99,957238.48,1989114.8599999999,2941417.58,3690808.75,3340281.8899999997,2866355.3299999996,2776669.27,2793345.16,3075329.0,2823685.36,2850607.3499999996,2532984.85,2834959.2199999997,3161460.91,2940055.1799999997,2597068.19,2505008.2,2272991.4299999997,1829108.5100000002,54902898.33
264.0,2041530.9600000004,1454711.8399999994,1011331.2899999993,784325.0399999997,714696.4399999998,750260.0299999999,1245290.7199999997,1817264.69,2212159.4400000004,2360357.7100000004,2606714.97,2726907.2300000004,2940926.0900000003,3076084.8900000006,3413807.29,3497377.230000001,3813203.630000001,3436254.920000001,4205305.340000001,3365741.5100000007,3107385.480000001,3202475.0000000014,3075126.230000001,2691597.1500000013,59550835.120000005
265.0,687333.1299999999,614107.28,469873.5299999999,367578.09,290864.87,178222.57,168932.27000000005,184014.2,269299.21,359971.94000000006,395309.56000000006,417009.68,429455.2000000001,414865.3300000001,407514.20000000007,412952.72000000003,430260.7,456167.19,545627.3200000001,584250.9100000001,559927.6,651693.36,717430.5199999999,699548.19,10712209.57
